Handle,Title,Body (HTML),Vendor,Product Category,Type,Tags,Published,Option1 Name,Option1 Value,Option1 Linked To,Option2 Name,Option2 Value,Option2 Linked To,Option3 Name,Option3 Value,Option3 Linked To,Variant SKU,Variant Grams,Variant Inventory Tracker,Variant Inventory Policy,Variant Fulfillment Service,Variant Price,Variant Compare At Price,Variant Requires Shipping,Variant Taxable,Unit Price Total Measure,Unit Price Total Measure Unit,Unit Price Base Measure,Unit Price Base Measure Unit,Variant Barcode,Image Src,Image Position,Image Alt Text,Gift Card,SEO Title,SEO Description,Upsell Discount (product.metafields.app--34646425601--orderediting.editing_sales_channel_discount_percentage),The order of the upsell products. (product.metafields.app--34646425601--orderediting.product_sorting_index),Activity (product.metafields.custom.activity),Bundle Products (product.metafields.custom.bundle_products),Category Metafield Colour (product.metafields.custom.category_metafield_colour),Hot spots  (product.metafields.custom.hot_spots),Outlet (product.metafields.custom.outlet),Parent product for bundle (product.metafields.custom.parent_product_for_bundle),Products Size Chart (product.metafields.custom.products_size_chart),Product Swatch Image (product.metafields.custom.product_swatch_image),Sibling (product.metafields.custom.sibling),Variation products (product.metafields.custom.variation_products),Variation value (Colour) (product.metafields.custom.variation_value),Google: Custom Product (product.metafields.mm-google-shopping.custom_product),Product rating count (product.metafields.reviews.rating_count),Activewear clothing features (product.metafields.shopify.activewear-clothing-features),Activity (product.metafields.shopify.activity),Age group (product.metafields.shopify.age-group),Clothing features (product.metafields.shopify.clothing-features),Color (product.metafields.shopify.color-pattern),Fabric (product.metafields.shopify.fabric),Material (product.metafields.shopify.material),Size (product.metafields.shopify.size),Sleeve length type (product.metafields.shopify.sleeve-length-type),Target gender (product.metafields.shopify.target-gender),Complementary products (product.metafields.shopify--discovery--product_recommendation.complementary_products),Related products (product.metafields.shopify--discovery--product_recommendation.related_products),Related products settings (product.metafields.shopify--discovery--product_recommendation.related_products_display),Search product boosts (product.metafields.shopify--discovery--product_search_boost.queries),Variant Image,Variant Weight Unit,Variant Tax Code,Cost per item,Included / United Kingdom,Price / United Kingdom,Compare At Price / United Kingdom,Included / Australia,Price / Australia,Compare At Price / Australia,Included / Canada,Price / Canada,Compare At Price / Canada,Included / International,Price / International,Compare At Price / International,Included / MIddle East,Price / MIddle East,Compare At Price / MIddle East,Included / Switzerland,Price / Switzerland,Compare At Price / Switzerland,Included / United States,Price / United States,Compare At Price / United States,Status
horizon-tracksuit-lunar-grey-graphite-grey,Horizon 2.0 Tracksuit - Lunar Grey/Graphite Grey,"<p data-start=""289"" data-end=""606"">The Trailberg Horizon 2.0 Tracksuit delivers breathable performance and adaptable comfort in a streamlined hood and pant set. Designed for active outdoor use, it combines functional ventilation, adjustable features and a lightweight build to support movement across training, hiking and everyday performance wear.</p>
<p data-start=""608"" data-end=""1047"">The Horizon 2.0 Hood features back ventilation for improved airflow, an adjustable bungee hood and hem for a secure fit, and zip pockets to keep essentials protected. Paired with the Horizon 2.0 Pant, which includes back-of-knee vents, an elasticated waistband and adjustable zip hems, the set offers comfort and control across varied conditions. Reflective print detailing across both pieces enhances visibility in low-light environments.</p>
<h4 data-start=""1049"" data-end=""1066"">Key Features</h4>
<ul>
<li data-start=""1069"" data-end=""1135"">Lightweight performance hood and pant set for active outdoor use</li>
<li data-start=""1138"" data-end=""1219"">Ventilation panels on the hood and back of the knees for improved breathability</li>
<li data-start=""1222"" data-end=""1277"">Adjustable bungee hood and hem for a personalised fit</li>
<li data-start=""1280"" data-end=""1331"">Elasticated waistband for comfort and secure wear</li>
<li data-start=""1334"" data-end=""1405"">Zip hem detailing on the pants for adjustability and ease of movement</li>
<li data-start=""1408"" data-end=""1452"">Secure zip pockets for everyday essentials</li>
<li data-start=""1455"" data-end=""1508"">Reflective print detailing for increased visibility</li>
</ul>
<p data-start=""1510"" data-end=""1595"">Ideal for: hiking, outdoor training, active travel and everyday performance wear.</p>
<p data-start=""1510"" data-end=""1595"">This tracksuit comprises of the Horizon 2.0 Hood and Horizon 2.0 Pant</p>",Trailberg,Apparel & Accessories > Clothing > Outfit Sets,TRACKSUITS,"2026Q1, BESTSELLER, bikers, Biking and Running, BUNDLE, BUNDLES, Hikers, NEW IN, New In Test, Nosto New In Test, Outdoor, Runners, RUNNING, SET, SETS, test bundles, Winter Sports",true,Size,XS,,,,,,,,HORIZON-2-TRK-GREY-XS,800.0,shopify,deny,manual,145.00,,true,true,,,,,,https://cdn.shopify.com/s/files/1/0578/9217/5895/files/TRAILBERG_2001267619_7fc8c399-7a80-4527-87eb-779ef2405735.jpg?v=1769616235,1,"",false,,,,,,horizon-2-hood-grey-lime; horizon-pant-lunar-grey,,,,,,https://cdn.shopify.com/s/files/1/0578/9217/5895/files/STORM_GREY.png?v=1753958946,horizon-tracksuit-black-1; horizon-tracksuit-lunar-grey-graphite-grey,,,,,,,,,grey,,,,,,horizon-2-hood-grey-lime; horizon-pant-lunar-grey,,,,,g,,,true,,,true,,,true,,,true,,,true,,,true,,,true,,,active
horizon-tracksuit-lunar-grey-graphite-grey,,,,,,,,,S,,,,,,,,HORIZON-2-TRK-GREY-S,800.0,shopify,deny,manual,145.00,,true,true,,,,,,https://cdn.shopify.com/s/files/1/0578/9217/5895/files/TRAILBERG_2001267636_8b516a56-c588-4be6-9991-fad1a631627b.jpg?v=1769616236,2,"",,,,,,,,,,,,,,,,,,,,,,,,,,,,,,,,,,g,,,,,,,,,,,,,,,,,,,,,,,,
horizon-tracksuit-lunar-grey-graphite-grey,,,,,,,,,M,,,,,,,,HORIZON-2-TRK-GREY-M,800.0,shopify,deny,manual,145.00,,true,true,,,,,,https://cdn.shopify.com/s/files/1/0578/9217/5895/files/TRAILBERG_2001267623_cdfa215b-ad4a-40ad-8079-7b81cb9e9bec.jpg?v=1769616236,3,"",,,,,,,,,,,,,,,,,,,,,,,,,,,,,,,,,,g,,,,,,,,,,,,,,,,,,,,,,,,
horizon-tracksuit-lunar-grey-graphite-grey,,,,,,,,,L,,,,,,,,HORIZON-2-TRK-GREY-L,800.0,shopify,deny,manual,145.00,,true,true,,,,,,https://cdn.shopify.com/s/files/1/0578/9217/5895/files/TRAILBERG_2001267624_10568a8f-1886-4e10-9c31-fa3b9ce749f1.jpg?v=1769616237,4,"",,,,,,,,,,,,,,,,,,,,,,,,,,,,,,,,,,g,,,,,,,,,,,,,,,,,,,,,,,,
horizon-tracksuit-lunar-grey-graphite-grey,,,,,,,,,XL,,,,,,,,HORIZON-2-TRK-GREY-XL,800.0,shopify,deny,manual,145.00,,true,true,,,,,,https://cdn.shopify.com/s/files/1/0578/9217/5895/files/TRAILBERG_2001267625_380eb510-c081-4b13-8f56-32a5c1591763.jpg?v=1769616237,5,"",,,,,,,,,,,,,,,,,,,,,,,,,,,,,,,,,,g,,,,,,,,,,,,,,,,,,,,,,,,
horizon-tracksuit-lunar-grey-graphite-grey,,,,,,,,,XXL,,,,,,,,HORIZON-2-TRK-GREY-XXL,800.0,shopify,deny,manual,145.00,,true,true,,,,,,https://cdn.shopify.com/s/files/1/0578/9217/5895/files/TRAILBERG_2001267626_579c0624-c00c-40aa-a295-52538485c922.jpg?v=1769616238,6,"",,,,,,,,,,,,,,,,,,,,,,,,,,,,,,,,,,g,,,,,,,,,,,,,,,,,,,,,,,,
horizon-tracksuit-lunar-grey-graphite-grey,,,,,,,,,,,,,,,,,,,,,,,,,,,,,,,https://cdn.shopify.com/s/files/1/0578/9217/5895/files/TRAILBERG_2001267627_2f911230-7902-40d3-9d40-a4b571cb6117.jpg?v=1769616236,7,"",,,,,,,,,,,,,,,,,,,,,,,,,,,,,,,,,,,,,,,,,,,,,,,,,,,,,,,,,,
horizon-tracksuit-lunar-grey-graphite-grey,,,,,,,,,,,,,,,,,,,,,,,,,,,,,,,https://cdn.shopify.com/s/files/1/0578/9217/5895/files/TRAILBERG_2001267632_88cafb23-5bc2-4f9c-9e6b-00ceec664513.jpg?v=1769616236,8,"",,,,,,,,,,,,,,,,,,,,,,,,,,,,,,,,,,,,,,,,,,,,,,,,,,,,,,,,,,
horizon-tracksuit-lunar-grey-graphite-grey,,,,,,,,,,,,,,,,,,,,,,,,,,,,,,,https://cdn.shopify.com/s/files/1/0578/9217/5895/files/TRAILBERG_2001267633_752d624f-93a3-4d3e-9845-1434b578c09a.jpg?v=1769616236,9,"",,,,,,,,,,,,,,,,,,,,,,,,,,,,,,,,,,,,,,,,,,,,,,,,,,,,,,,,,,
horizon-tracksuit-lunar-grey-graphite-grey,,,,,,,,,,,,,,,,,,,,,,,,,,,,,,,https://cdn.shopify.com/s/files/1/0578/9217/5895/files/TRAILBERG_2001267634_bd68dbcf-637e-4188-aeb9-00719ccfb8f4.jpg?v=1769616236,10,"",,,,,,,,,,,,,,,,,,,,,,,,,,,,,,,,,,,,,,,,,,,,,,,,,,,,,,,,,,
activate-twinset-moon-grey,Activate Twinset - Moon Grey,"<p data-start=""270"" data-end=""648"">The Trailberg Activate Twinset combines a lightweight outdoor tee with matching shorts, designed for comfort, movement and everyday active wear. Ideal for training and warm-weather outdoor use, the set delivers breathable performance with a clean, versatile aesthetic. Functional and easy to wear, it’s built to support active days while maintaining all-day comfort.</p>
<p data-start=""650"" data-end=""667"">Key Features</p>
<ul>
<li data-start=""670"" data-end=""725"">Lightweight tee and shorts set for active use</li>
<li data-start=""728"" data-end=""778"">Designed for movement, comfort and breathability</li>
<li data-start=""781"" data-end=""831"">Shorts feature secure zip pockets for essentials</li>
<li data-start=""834"" data-end=""901"">Versatile twinset suitable for training and everyday wear</li>
</ul>
<p data-start=""903"" data-end=""974""><strong data-start=""903"" data-end=""917"">Ideal for:</strong> outdoor training, travel and casual active wear.</p>
<p data-start=""903"" data-end=""974"">The set comprises of the Activate Tee and Activate Shorts. </p>",Trailberg,Apparel & Accessories > Clothing > Outfit Sets,TWINSETS,"2026Q1, ALL, BUNDLE, BUNDLES, EDSON, NEW IN, Peak, Runners, RUNNING, RUNNING AND TRAINING",true,Size,XS,,,,,,,,ACTIVATE-TWIN-GREY-XS,400.0,shopify,deny,manual,70.00,,true,true,,,,,,https://cdn.shopify.com/s/files/1/0578/9217/5895/files/TRAILBERG_2701269158.jpg?v=1772030436,1,"",false,,,,,,activate-tee-grey; activate-hbr-short-moon-grey,,,,,,https://cdn.shopify.com/s/files/1/0578/9217/5895/files/STORM_GREY.png?v=1753958946,activate-twinset-black; activate-twinset-deep-ocean; activate-twinset-moon-grey,,,,,,,,,grey,,,,,,activate-tee-grey; activate-hbr-short-moon-grey,,,,,g,,,true,,,true,,,true,,,true,,,true,,,true,,,true,,,active
activate-twinset-moon-grey,,,,,,,,,S,,,,,,,,ACTIVATE-TWIN-GREY-S,400.0,shopify,deny,manual,70.00,,true,true,,,,,,https://cdn.shopify.com/s/files/1/0578/9217/5895/files/TRAILBERG_2701269163.jpg?v=1772036116,2,"",,,,,,,,,,,,,,,,,,,,,,,,,,,,,,,,,,g,,,,,,,,,,,,,,,,,,,,,,,,
activate-twinset-moon-grey,,,,,,,,,M,,,,,,,,ACTIVATE-TWIN-GREY-M,400.0,shopify,deny,manual,70.00,,true,true,,,,,,https://cdn.shopify.com/s/files/1/0578/9217/5895/files/TRAILBERG_2701269160.jpg?v=1772030443,3,"",,,,,,,,,,,,,,,,,,,,,,,,,,,,,,,,,,g,,,,,,,,,,,,,,,,,,,,,,,,
activate-twinset-moon-grey,,,,,,,,,L,,,,,,,,ACTIVATE-TWIN-GREY-L,400.0,shopify,deny,manual,70.00,,true,true,,,,,,https://cdn.shopify.com/s/files/1/0578/9217/5895/files/TRAILBERG_2701269162.jpg?v=1772036116,4,"",,,,,,,,,,,,,,,,,,,,,,,,,,,,,,,,,,g,,,,,,,,,,,,,,,,,,,,,,,,
activate-twinset-moon-grey,,,,,,,,,XL,,,,,,,,ACTIVATE-TWIN-GREY-XL,400.0,shopify,deny,manual,70.00,,true,true,,,,,,https://cdn.shopify.com/s/files/1/0578/9217/5895/files/TRAILBERG_2701269161.jpg?v=1772030443,5,"",,,,,,,,,,,,,,,,,,,,,,,,,,,,,,,,,,g,,,,,,,,,,,,,,,,,,,,,,,,
activate-twinset-moon-grey,,,,,,,,,XXL,,,,,,,,ACTIVATE-TWIN-GREY-XL,400.0,shopify,deny,manual,70.00,,true,true,,,,,,https://cdn.shopify.com/s/files/1/0578/9217/5895/files/TRAILBERG_2701269160_56f7493e-c9e6-4364-8c84-4fcdeb0ab5d4.jpg?v=1769674088,6,"",,,,,,,,,,,,,,,,,,,,,,,,,,,,,,,,,,g,,,,,,,,,,,,,,,,,,,,,,,,
activate-twinset-moon-grey,,,,,,,,,,,,,,,,,,,,,,,,,,,,,,,https://cdn.shopify.com/s/files/1/0578/9217/5895/files/TRAILBERG_2701269164.jpg?v=1769674290,7,"",,,,,,,,,,,,,,,,,,,,,,,,,,,,,,,,,,,,,,,,,,,,,,,,,,,,,,,,,,
activate-twinset-moon-grey,,,,,,,,,,,,,,,,,,,,,,,,,,,,,,,https://cdn.shopify.com/s/files/1/0578/9217/5895/files/TRAILBERG_2701269165.jpg?v=1769674290,8,"",,,,,,,,,,,,,,,,,,,,,,,,,,,,,,,,,,,,,,,,,,,,,,,,,,,,,,,,,,
activate-twinset-moon-grey,,,,,,,,,,,,,,,,,,,,,,,,,,,,,,,https://cdn.shopify.com/s/files/1/0578/9217/5895/files/TRAILBERG_2701269166.jpg?v=1769674290,9,"",,,,,,,,,,,,,,,,,,,,,,,,,,,,,,,,,,,,,,,,,,,,,,,,,,,,,,,,,,
activate-twinset-moon-grey,,,,,,,,,,,,,,,,,,,,,,,,,,,,,,,https://cdn.shopify.com/s/files/1/0578/9217/5895/files/TRAILBERG_2701269168.jpg?v=1769674290,10,"",,,,,,,,,,,,,,,,,,,,,,,,,,,,,,,,,,,,,,,,,,,,,,,,,,,,,,,,,,
activate-twinset-moon-grey,,,,,,,,,,,,,,,,,,,,,,,,,,,,,,,https://cdn.shopify.com/s/files/1/0578/9217/5895/files/TRAILBERG_2701269170.jpg?v=1769674290,11,"",,,,,,,,,,,,,,,,,,,,,,,,,,,,,,,,,,,,,,,,,,,,,,,,,,,,,,,,,,
energy-fleece-tracksuit-storm-blue,Energy Fleece Tracksuit - Storm Blue,"<p data-start=""287"" data-end=""644"">The Trailberg Energy Tracksuit pairs the Energy Fleece Hood with matching joggers for effortless everyday style and comfort<strong data-start=""287"" data-end=""420"">.</strong> Crafted from soft, durable fabric with a flexible fit, this set blends casual outdoor appeal with athletic functionality. Designed for relaxation and movement alike, it’s ideal for off-duty wear, travel, and laid-back days.</p>
<p data-start=""646"" data-end=""1018"">The Energy Hood features a statement Trailberg logo, a drawstring hood with soft dipped drawcord, and a zipped kangaroo pocket with contrast fabric. The matching joggers offer a tapered fit with an elasticated waistband, adjustable drawcords, and zipped pockets for secure storage. Subtle raised injection mould branding ties the look together with a clean, modern finish.</p>
<p data-start=""1020"" data-end=""1037""><strong>Key Features</strong></p>
<ul>
<li data-start=""1040"" data-end=""1108"">
<p>Casual fleece hoodie and jogger set for everyday comfort and style</p>
</li>
<li data-start=""1111"" data-end=""1160"">Soft, durable fabric for warmth and flexibility</li>
<li data-start=""1163"" data-end=""1229"">Drawstring hood with soft dipped drawcord for adjustable comfort</li>
<li data-start=""1232"" data-end=""1310"">Elasticated waistband and adjustable drawcord joggers for a personalised fit</li>
<li data-start=""1313"" data-end=""1375"">Zipped pockets on both hoodie and joggers for secure storage</li>
<li data-start=""1378"" data-end=""1451"">Raised injection mould Trailberg branding for bold yet subtle detailing</li>
</ul>
<p data-start=""1453"" data-end=""1478""><strong>Material Composition</strong></p>
<ul data-start=""1479"" data-end=""1535"">
<li data-start=""1479"" data-end=""1535"">
<p data-start=""1481"" data-end=""1535""><strong data-start=""1481"" data-end=""1535"">72% Cotton, 21% Polyester, 7% Elastane (Interlock)</strong></p>
</li>
</ul>
<p data-start=""1537"" data-end=""1623""><strong data-start=""1537"" data-end=""1551"">Ideal for:</strong> casual outdoor wear, travel, off-duty relaxation and everyday layering.</p>",Trailberg,Apparel & Accessories > Clothing > Outfit Sets,TRACKSUITS,"2026Q1, BUNDLE, BUNDLES, fleece, Fleece Tracksuit, fleecetracksuit, NEW IN, New In Test, Nosto New In Test, Runners, SET, SETS, test bundles",true,Size,XS,,,,,,,,ENERGY-TRK-NAVY-XS,800.0,shopify,deny,manual,130.00,,true,true,,,,,,https://cdn.shopify.com/s/files/1/0578/9217/5895/files/TRAILBERG_2001267680_761bfb6b-7db1-4f15-b9a2-5d4434481d22.jpg?v=1772104953,1,"",false,,,,,,energy-oth-tech-fleece-hood-blue; energy-tech-fleece-pant-storm-blue,MOCHA,,,,,https://cdn.shopify.com/s/files/1/0578/9217/5895/files/DEEP_OCEAN.png?v=1753959141,nrg-trk-mocha; energy-fleece-tracksuit-storm-blue; nrg-trk-vg,,,,,,,,,navy,,,,,,energy-oth-tech-fleece-hood-blue; energy-tech-fleece-pant-storm-blue,,,,,g,,,true,,,true,,,true,,,true,,,true,,,true,,,true,,,active
energy-fleece-tracksuit-storm-blue,,,,,,,,,S,,,,,,,,ENERGY-TRK-NAVY-S,800.0,shopify,deny,manual,130.00,,true,true,,,,,,https://cdn.shopify.com/s/files/1/0578/9217/5895/files/TRAILBERG_2001267665_a02d9a94-b992-4760-99ea-c3fceb7c3f4f.jpg?v=1772104953,2,"",,,,,,,,,,,,,,,,,,,,,,,,,,,,,,,,,,g,,,,,,,,,,,,,,,,,,,,,,,,
energy-fleece-tracksuit-storm-blue,,,,,,,,,M,,,,,,,,ENERGY-TRK-NAVY-M,800.0,shopify,deny,manual,130.00,,true,true,,,,,,https://cdn.shopify.com/s/files/1/0578/9217/5895/files/TRAILBERG_2001267671_844304dd-f63c-4216-b7e7-c7bc506e577c.jpg?v=1769165297,3,"",,,,,,,,,,,,,,,,,,,,,,,,,,,,,,,,,,g,,,,,,,,,,,,,,,,,,,,,,,,
energy-fleece-tracksuit-storm-blue,,,,,,,,,L,,,,,,,,ENERGY-TRK-NAVY-L,800.0,shopify,deny,manual,130.00,,true,true,,,,,,https://cdn.shopify.com/s/files/1/0578/9217/5895/files/TRAILBERG_2001267670_01891910-4655-4035-ab9c-70e44b0b6489.jpg?v=1769165297,4,"",,,,,,,,,,,,,,,,,,,,,,,,,,,,,,,,,,g,,,,,,,,,,,,,,,,,,,,,,,,
energy-fleece-tracksuit-storm-blue,,,,,,,,,XL,,,,,,,,ENERGY-TRK-NAVY-XL,800.0,shopify,deny,manual,130.00,,true,true,,,,,,https://cdn.shopify.com/s/files/1/0578/9217/5895/files/TRAILBERG_2001267672_80f7be9e-f346-4cf8-98c4-905090829c01.jpg?v=1769165297,5,"",,,,,,,,,,,,,,,,,,,,,,,,,,,,,,,,,,g,,,,,,,,,,,,,,,,,,,,,,,,
energy-fleece-tracksuit-storm-blue,,,,,,,,,XXL,,,,,,,,ENERGY-TRK-NAVY-XXL,800.0,shopify,deny,manual,130.00,,true,true,,,,,,https://cdn.shopify.com/s/files/1/0578/9217/5895/files/TRAILBERG_2001267669_beec9ec9-24eb-4908-b886-dc1428c88914.jpg?v=1769165297,6,"",,,,,,,,,,,,,,,,,,,,,,,,,,,,,,,,,,g,,,,,,,,,,,,,,,,,,,,,,,,
energy-fleece-tracksuit-storm-blue,,,,,,,,,,,,,,,,,,,,,,,,,,,,,,,https://cdn.shopify.com/s/files/1/0578/9217/5895/files/TRAILBERG_2001267673_1df814d8-bab5-4b58-86aa-dfa1d7d06010.jpg?v=1769165297,7,"",,,,,,,,,,,,,,,,,,,,,,,,,,,,,,,,,,,,,,,,,,,,,,,,,,,,,,,,,,
energy-fleece-tracksuit-storm-blue,,,,,,,,,,,,,,,,,,,,,,,,,,,,,,,https://cdn.shopify.com/s/files/1/0578/9217/5895/files/TRAILBERG_2001267674_e6f76555-3eef-45ed-8683-f77685f7194c.jpg?v=1769165297,8,"",,,,,,,,,,,,,,,,,,,,,,,,,,,,,,,,,,,,,,,,,,,,,,,,,,,,,,,,,,
energy-fleece-tracksuit-storm-blue,,,,,,,,,,,,,,,,,,,,,,,,,,,,,,,https://cdn.shopify.com/s/files/1/0578/9217/5895/files/TRAILBERG_2001267676_11eab4d1-a324-44a5-9c51-0225b5e4e51c.jpg?v=1769165297,9,"",,,,,,,,,,,,,,,,,,,,,,,,,,,,,,,,,,,,,,,,,,,,,,,,,,,,,,,,,,
energy-fleece-tracksuit-storm-blue,,,,,,,,,,,,,,,,,,,,,,,,,,,,,,,https://cdn.shopify.com/s/files/1/0578/9217/5895/files/TRAILBERG_2001267677_d4302b17-1ac3-4507-9c3a-c86af53dae7b.jpg?v=1769165297,10,"",,,,,,,,,,,,,,,,,,,,,,,,,,,,,,,,,,,,,,,,,,,,,,,,,,,,,,,,,,
energy-fleece-tracksuit-storm-blue,,,,,,,,,,,,,,,,,,,,,,,,,,,,,,,https://cdn.shopify.com/s/files/1/0578/9217/5895/files/TRAILBERG_2001267678_d79f7a75-69d9-4dcc-8d8c-751e22c3c9d4.jpg?v=1769165297,11,"",,,,,,,,,,,,,,,,,,,,,,,,,,,,,,,,,,,,,,,,,,,,,,,,,,,,,,,,,,
velocity-tracksuit-breeze,Velocity Tracksuit - Breeze Blue,"<p data-end=""599"" data-start=""288"">The Trailberg Velocity Tracksuit is built for speed, movement and breathable protection during high-intensity training. Combining a lightweight windbreaker hood with flexible running pants, this performance set is designed to support running, training and fast-paced outdoor activity in changing conditions.</p>
<p data-end=""1106"" data-start=""601"">The Velocity Hood delivers adjustable protection with a three-piece hood and bungee hem, while a vented reverse panel promotes airflow when intensity increases. Paired with the Velocity Running Pant, constructed from lightweight 4-way stretch fabric, the set offers unrestricted movement and targeted ventilation through power mesh–lined panels. Zip ankle detailing on the pants ensures a secure fit over footwear, while reflective detailing across both pieces enhances visibility in low-light conditions.</p>
<p data-end=""1125"" data-start=""1108"">Key Features</p>
<ul>
<li data-end=""1179"" data-start=""1128"">Lightweight performance hood and running pant set</li>
<li data-end=""1251"" data-start=""1182"">Wind-resistant hood with adjustable three-piece hood and bungee hem</li>
<li data-end=""1312"" data-start=""1254"">Vented back panel on the hood for enhanced breathability</li>
<li data-end=""1370"" data-start=""1315"">4-way stretch running pants for unrestricted movement</li>
<li data-end=""1424"" data-start=""1373"">Power mesh–lined vent panels for improved airflow</li>
<li data-end=""1489"" data-start=""1427"">Zip ankle detailing for adjustability and ease over trainers</li>
<li data-end=""1563"" data-start=""1492"">Reflective detailing for increased visibility in low-light conditions</li>
</ul>
<p data-end=""1651"" data-start=""1565""><strong data-end=""1579"" data-start=""1565"">Ideal for:</strong> running, training, cardio workouts and high-output outdoor performance.</p>",Trailberg,Apparel & Accessories > Clothing > Outfit Sets,TRACKSUITS,"2026Q1, bikers, Biking and Running, BUNDLE, BUNDLES, Hikers, NEW IN, New In Test, Runners, RUNNING, SET, SETS, test bundles, Winter Sports",true,Size,XS,,,,,,,,VELOCITY-TRK-BREEZE-XS,800.0,shopify,deny,manual,140.00,,true,true,,,,,,https://cdn.shopify.com/s/files/1/0578/9217/5895/files/TRAILBERG_2001267710.jpg?v=1772203321,1,"",false,,,,,,horizon-2-hood-black; horizon-2-pant-black,BVG,,,,,https://cdn.shopify.com/s/files/1/0578/9217/5895/files/breeeze.png?v=1752157048,velocity-tracksuit-black; velocity-tracksuit-breeze,,,,,,,,,blue,,,,,,velocity-hood-breeze; velocity-pant-breeze,,,,,g,,,true,,,true,,,true,,,true,,,true,,,true,,,true,,,active
velocity-tracksuit-breeze,,,,,,,,,S,,,,,,,,VELOCITY-TRK-BREEZE-S,800.0,shopify,deny,manual,140.00,,true,true,,,,,,https://cdn.shopify.com/s/files/1/0578/9217/5895/files/TRAILBERG_2001267722_fc6e83ee-1fef-422b-8fe1-44a2669e72ae.jpg?v=1772203321,2,"",,,,,,,,,,,,,,,,,,,,,,,,,,,,,,,,,,g,,,,,,,,,,,,,,,,,,,,,,,,
velocity-tracksuit-breeze,,,,,,,,,M,,,,,,,,VELOCITY-TRK-BREEZE-M,800.0,shopify,deny,manual,140.00,,true,true,,,,,,https://cdn.shopify.com/s/files/1/0578/9217/5895/files/TRAILBERG_2001267711_2620b873-8bdc-4b2e-a1cf-2419722bf9c8.jpg?v=1772203321,3,"",,,,,,,,,,,,,,,,,,,,,,,,,,,,,,,,,,g,,,,,,,,,,,,,,,,,,,,,,,,
velocity-tracksuit-breeze,,,,,,,,,L,,,,,,,,VELOCITY-TRK-BREEZE-L,800.0,shopify,deny,manual,140.00,,true,true,,,,,,https://cdn.shopify.com/s/files/1/0578/9217/5895/files/TRAILBERG_2001267712.jpg?v=1772203321,4,"",,,,,,,,,,,,,,,,,,,,,,,,,,,,,,,,,,g,,,,,,,,,,,,,,,,,,,,,,,,
velocity-tracksuit-breeze,,,,,,,,,XL,,,,,,,,VELOCITY-TRK-BREEZE-XL,800.0,shopify,deny,manual,140.00,,true,true,,,,,,https://cdn.shopify.com/s/files/1/0578/9217/5895/files/TRAILBERG_2001267713_0a7b0455-1c0e-493b-b098-b9b610cd1d94.jpg?v=1772203321,5,"",,,,,,,,,,,,,,,,,,,,,,,,,,,,,,,,,,g,,,,,,,,,,,,,,,,,,,,,,,,
velocity-tracksuit-breeze,,,,,,,,,XXL,,,,,,,,VELOCITY-TRK-BREEZE-XXL,800.0,shopify,deny,manual,140.00,,true,true,,,,,,https://cdn.shopify.com/s/files/1/0578/9217/5895/files/TRAILBERG_2001267714_7cb1d3d5-f16a-4a4e-8da7-b9582f52bf72.jpg?v=1772203321,6,"",,,,,,,,,,,,,,,,,,,,,,,,,,,,,,,,,,g,,,,,,,,,,,,,,,,,,,,,,,,
velocity-tracksuit-breeze,,,,,,,,,,,,,,,,,,,,,,,,,,,,,,,https://cdn.shopify.com/s/files/1/0578/9217/5895/files/TRAILBERG_2001267715_27e6ad9f-b3d0-4066-8ab2-8d8961787b21.jpg?v=1772203321,7,"",,,,,,,,,,,,,,,,,,,,,,,,,,,,,,,,,,,,,,,,,,,,,,,,,,,,,,,,,,
velocity-tracksuit-breeze,,,,,,,,,,,,,,,,,,,,,,,,,,,,,,,https://cdn.shopify.com/s/files/1/0578/9217/5895/files/TRAILBERG_2001267720_dfa9467f-8576-4726-be92-2dd7d7e54b80.jpg?v=1772203321,8,"",,,,,,,,,,,,,,,,,,,,,,,,,,,,,,,,,,,,,,,,,,,,,,,,,,,,,,,,,,
velocity-tracksuit-breeze,,,,,,,,,,,,,,,,,,,,,,,,,,,,,,,https://cdn.shopify.com/s/files/1/0578/9217/5895/files/TRAILBERG_2001267721_fa301b73-639f-45c4-89f7-93038b28c0ce.jpg?v=1772203321,9,"",,,,,,,,,,,,,,,,,,,,,,,,,,,,,,,,,,,,,,,,,,,,,,,,,,,,,,,,,,
velocity-tracksuit-breeze,,,,,,,,,,,,,,,,,,,,,,,,,,,,,,,https://cdn.shopify.com/s/files/1/0578/9217/5895/files/TRAILBERG_2001267719_0af579ab-a76b-4e5d-98e6-04bd2757f67f.jpg?v=1772203321,10,"",,,,,,,,,,,,,,,,,,,,,,,,,,,,,,,,,,,,,,,,,,,,,,,,,,,,,,,,,,
velocity-tracksuit-black,Velocity Tracksuit - Black,"<p data-end=""599"" data-start=""288"">The Trailberg Velocity Tracksuit is built for speed, movement and breathable protection during high-intensity training. Combining a lightweight windbreaker hood with flexible running pants, this performance set is designed to support running, training and fast-paced outdoor activity in changing conditions.</p>
<p data-end=""1106"" data-start=""601"">The Velocity Hood delivers adjustable protection with a three-piece hood and bungee hem, while a vented reverse panel promotes airflow when intensity increases. Paired with the Velocity Running Pant, constructed from lightweight 4-way stretch fabric, the set offers unrestricted movement and targeted ventilation through power mesh–lined panels. Zip ankle detailing on the pants ensures a secure fit over footwear, while reflective detailing across both pieces enhances visibility in low-light conditions.</p>
<p data-end=""1125"" data-start=""1108"">Key Features</p>
<ul>
<li data-end=""1179"" data-start=""1128"">Lightweight performance hood and running pant set</li>
<li data-end=""1251"" data-start=""1182"">Wind-resistant hood with adjustable three-piece hood and bungee hem</li>
<li data-end=""1312"" data-start=""1254"">Vented back panel on the hood for enhanced breathability</li>
<li data-end=""1370"" data-start=""1315"">4-way stretch running pants for unrestricted movement</li>
<li data-end=""1424"" data-start=""1373"">Power mesh–lined vent panels for improved airflow</li>
<li data-end=""1489"" data-start=""1427"">Zip ankle detailing for adjustability and ease over trainers</li>
<li data-end=""1563"" data-start=""1492"">Reflective detailing for increased visibility in low-light conditions</li>
</ul>
<p data-end=""1651"" data-start=""1565""><strong data-end=""1579"" data-start=""1565"">Ideal for:</strong> running, training, cardio workouts and high-output outdoor performance.</p>",Trailberg,Apparel & Accessories > Clothing > Outfit Sets,TRACKSUITS,"2026Q1, BESTSELLER, bikers, Biking and Running, BUNDLE, BUNDLES, Hikers, NEW IN, New In Test, Nosto New In Test, Runners, RUNNING, SET, SETS, test bundles, Winter Sports",true,Size,XS,,,,,,,,VELOCITY-TRK-BREEZE-XS,800.0,shopify,deny,manual,140.00,,true,true,,,,,,https://cdn.shopify.com/s/files/1/0578/9217/5895/files/TRAILBERG_2001267540_8b9e0ff4-cbb8-478c-8e43-c4c096176370.jpg?v=1772203305,1,"",false,,,,,,horizon-2-hood-black; horizon-2-pant-black,BVG,,,,,https://cdn.shopify.com/s/files/1/0578/9217/5895/files/Black.png?v=1751894382,velocity-tracksuit-black; velocity-tracksuit-breeze,,,,,,,,,black,,,,,,velocity-hood-black; velocity-pant-black,,,,,g,,,true,,,true,,,true,,,true,,,true,,,true,,,true,,,active
velocity-tracksuit-black,,,,,,,,,S,,,,,,,,VELOCITY-TRK-BREEZE-S,800.0,shopify,deny,manual,140.00,,true,true,,,,,,https://cdn.shopify.com/s/files/1/0578/9217/5895/files/TRAILBERG_2001267517_2921d8a2-1f8b-4463-b78f-35c94cfdfd01.jpg?v=1772203305,2,"",,,,,,,,,,,,,,,,,,,,,,,,,,,,,,,,,,g,,,,,,,,,,,,,,,,,,,,,,,,
velocity-tracksuit-black,,,,,,,,,M,,,,,,,,VELOCITY-TRK-BREEZE-M,800.0,shopify,deny,manual,140.00,,true,true,,,,,,https://cdn.shopify.com/s/files/1/0578/9217/5895/files/TRAILBERG_2001267521_25bef409-066e-4a5e-a87e-da32cfdf01e6.jpg?v=1769165482,3,"",,,,,,,,,,,,,,,,,,,,,,,,,,,,,,,,,,g,,,,,,,,,,,,,,,,,,,,,,,,
velocity-tracksuit-black,,,,,,,,,L,,,,,,,,VELOCITY-TRK-BREEZE-L,800.0,shopify,deny,manual,140.00,,true,true,,,,,,https://cdn.shopify.com/s/files/1/0578/9217/5895/files/TRAILBERG_2001267522_e615be5b-e380-47de-94b4-37d7b1b0e0ad.jpg?v=1769165482,4,"",,,,,,,,,,,,,,,,,,,,,,,,,,,,,,,,,,g,,,,,,,,,,,,,,,,,,,,,,,,
velocity-tracksuit-black,,,,,,,,,XL,,,,,,,,VELOCITY-TRK-BREEZE-XL,800.0,shopify,deny,manual,140.00,,true,true,,,,,,https://cdn.shopify.com/s/files/1/0578/9217/5895/files/TRAILBERG_2001267523_a5818abb-cc78-456b-94ec-0f410faa10be.jpg?v=1769165482,5,"",,,,,,,,,,,,,,,,,,,,,,,,,,,,,,,,,,g,,,,,,,,,,,,,,,,,,,,,,,,
velocity-tracksuit-black,,,,,,,,,XXL,,,,,,,,VELOCITY-TRK-BREEZE-XXL,800.0,shopify,deny,manual,140.00,,true,true,,,,,,https://cdn.shopify.com/s/files/1/0578/9217/5895/files/TRAILBERG_2001267524_5072c5ec-f94a-4b1e-8d45-4eab22feb142.jpg?v=1769165482,6,"",,,,,,,,,,,,,,,,,,,,,,,,,,,,,,,,,,g,,,,,,,,,,,,,,,,,,,,,,,,
velocity-tracksuit-black,,,,,,,,,,,,,,,,,,,,,,,,,,,,,,,https://cdn.shopify.com/s/files/1/0578/9217/5895/files/TRAILBERG_2001267525_cc142826-019d-43e2-9c30-0d71005b5830.jpg?v=1769165482,7,"",,,,,,,,,,,,,,,,,,,,,,,,,,,,,,,,,,,,,,,,,,,,,,,,,,,,,,,,,,
velocity-tracksuit-black,,,,,,,,,,,,,,,,,,,,,,,,,,,,,,,https://cdn.shopify.com/s/files/1/0578/9217/5895/files/TRAILBERG_2001267527_60e2d778-47bf-4ab5-ab64-f1df1a8c0904.jpg?v=1769165482,8,"",,,,,,,,,,,,,,,,,,,,,,,,,,,,,,,,,,,,,,,,,,,,,,,,,,,,,,,,,,
velocity-tracksuit-black,,,,,,,,,,,,,,,,,,,,,,,,,,,,,,,https://cdn.shopify.com/s/files/1/0578/9217/5895/files/TRAILBERG_2001267528_4b14ed39-b7c6-4886-9f3f-0c024b77f71d.jpg?v=1769165482,9,"",,,,,,,,,,,,,,,,,,,,,,,,,,,,,,,,,,,,,,,,,,,,,,,,,,,,,,,,,,
velocity-tracksuit-black,,,,,,,,,,,,,,,,,,,,,,,,,,,,,,,https://cdn.shopify.com/s/files/1/0578/9217/5895/files/TRAILBERG_2001267529_b97d8702-087d-4ba2-8eaa-6d63f0528ec6.jpg?v=1769165482,10,"",,,,,,,,,,,,,,,,,,,,,,,,,,,,,,,,,,,,,,,,,,,,,,,,,,,,,,,,,,
velocity-tracksuit-black,,,,,,,,,,,,,,,,,,,,,,,,,,,,,,,https://cdn.shopify.com/s/files/1/0578/9217/5895/files/TRAILBERG_2001267532_269664b1-f9f9-4f1a-b613-7783f6f704cf.jpg?v=1769165482,11,"",,,,,,,,,,,,,,,,,,,,,,,,,,,,,,,,,,,,,,,,,,,,,,,,,,,,,,,,,,
ss26-cloud-tracksuit-black-volcano-grey,SS26 Cloud Tracksuit - Black/Volcano Grey,"<p><span>Engineered for optimising your performance on the trails, the Cloud Tracksuit is complete with technical features that offer protection and convenience. Functional auto-locking zipper pockets provide a safe place for your valuables, while elasticated cuffs and an adjustable hood with storm peak form a barrier against the elements. </span></p>
<p><span>This set comprises of the Cloud Hood and Cloud Pant. </span></p>",Trailberg,Apparel & Accessories > Clothing > Outfit Sets,TRACKSUITS,"2026Q1, Biking and Running, BUNDLE, BUNDLES, Hikers, IN STOCK WAREHOUSE, NEW IN, New In Test, Nosto New In Test, Runners, RUNNING, SET, SETS, test bundles, Winter Sports",true,Size,XS,,,,,,,,SS26-CLOUD-TRK-BLK-XS,800.0,shopify,deny,manual,135.00,,true,true,,,,,,https://cdn.shopify.com/s/files/1/0578/9217/5895/files/TRAILBERG_1812257166_40f6e80f-2bcf-4193-80ab-77cde34a890d.jpg?v=1772532894,1,"",false,,,,,,ss26-cloud-hood-black-grey; ss26-cloud-woven-pant-black,BVG,,,,,https://cdn.shopify.com/s/files/1/0578/9217/5895/files/Black.png?v=1751894382,,,,,,,,,,black,,,,,,ss26-cloud-hood-black-grey; ss26-cloud-woven-pant-black,,,,,g,,,true,,,true,,,true,,,true,,,true,,,true,,,true,,,active
ss26-cloud-tracksuit-black-volcano-grey,,,,,,,,,S,,,,,,,,SS26-CLOUD-TRK-BLK-S,800.0,shopify,deny,manual,135.00,,true,true,,,,,,https://cdn.shopify.com/s/files/1/0578/9217/5895/files/TRAILBERG_1812257154_5708c530-4651-45c5-99ea-f74107e4afd8.jpg?v=1772532894,2,"",,,,,,,,,,,,,,,,,,,,,,,,,,,,,,,,,,g,,,,,,,,,,,,,,,,,,,,,,,,
ss26-cloud-tracksuit-black-volcano-grey,,,,,,,,,M,,,,,,,,SS26-CLOUD-TRK-BLK-M,800.0,shopify,deny,manual,135.00,,true,true,,,,,,https://cdn.shopify.com/s/files/1/0578/9217/5895/files/TRAILBERG_1812257156_dd34c50b-73ca-4449-a735-6ab8684853c4.jpg?v=1769174513,3,"",,,,,,,,,,,,,,,,,,,,,,,,,,,,,,,,,,g,,,,,,,,,,,,,,,,,,,,,,,,
ss26-cloud-tracksuit-black-volcano-grey,,,,,,,,,L,,,,,,,,SS26-CLOUD-TRK-BLK-L,800.0,shopify,deny,manual,135.00,,true,true,,,,,,https://cdn.shopify.com/s/files/1/0578/9217/5895/files/TRAILBERG_1812257158_0797e74a-34c0-42a8-870e-b3b0acc22369.jpg?v=1769174513,4,"",,,,,,,,,,,,,,,,,,,,,,,,,,,,,,,,,,g,,,,,,,,,,,,,,,,,,,,,,,,
ss26-cloud-tracksuit-black-volcano-grey,,,,,,,,,XL,,,,,,,,SS26-CLOUD-TRK-BLK-XL,800.0,shopify,deny,manual,135.00,,true,true,,,,,,https://cdn.shopify.com/s/files/1/0578/9217/5895/files/TRAILBERG_1812257159_ca286e92-5d2b-4f29-8d7c-96ba5dcc7e39.jpg?v=1769174513,5,"",,,,,,,,,,,,,,,,,,,,,,,,,,,,,,,,,,g,,,,,,,,,,,,,,,,,,,,,,,,
ss26-cloud-tracksuit-black-volcano-grey,,,,,,,,,XXL,,,,,,,,SS26-CLOUD-TRK-BLK-XXL,800.0,shopify,deny,manual,135.00,,true,true,,,,,,https://cdn.shopify.com/s/files/1/0578/9217/5895/files/TRAILBERG_1812257160_0dc61ef9-947a-499f-9463-bed25ad0370b.jpg?v=1769174513,6,"",,,,,,,,,,,,,,,,,,,,,,,,,,,,,,,,,,g,,,,,,,,,,,,,,,,,,,,,,,,
ss26-cloud-tracksuit-black-volcano-grey,,,,,,,,,,,,,,,,,,,,,,,,,,,,,,,https://cdn.shopify.com/s/files/1/0578/9217/5895/files/TRAILBERG_1812257161.jpg?v=1769174513,7,"",,,,,,,,,,,,,,,,,,,,,,,,,,,,,,,,,,,,,,,,,,,,,,,,,,,,,,,,,,
ss26-cloud-tracksuit-black-volcano-grey,,,,,,,,,,,,,,,,,,,,,,,,,,,,,,,https://cdn.shopify.com/s/files/1/0578/9217/5895/files/TRAILBERG_1812257162_75999020-2484-4468-80b3-ede178dbd56a.jpg?v=1769174513,8,"",,,,,,,,,,,,,,,,,,,,,,,,,,,,,,,,,,,,,,,,,,,,,,,,,,,,,,,,,,
ss26-cloud-tracksuit-black-volcano-grey,,,,,,,,,,,,,,,,,,,,,,,,,,,,,,,https://cdn.shopify.com/s/files/1/0578/9217/5895/files/TRAILBERG_1812257163_41ad8bfa-3901-49e4-a156-a98fd1270856.jpg?v=1769174513,9,"",,,,,,,,,,,,,,,,,,,,,,,,,,,,,,,,,,,,,,,,,,,,,,,,,,,,,,,,,,
ss26-cloud-tracksuit-black-volcano-grey,,,,,,,,,,,,,,,,,,,,,,,,,,,,,,,https://cdn.shopify.com/s/files/1/0578/9217/5895/files/TRAILBERG_1812257164_f049161a-9ec1-40cc-bf62-6da9bbb4912f.jpg?v=1769174513,10,"",,,,,,,,,,,,,,,,,,,,,,,,,,,,,,,,,,,,,,,,,,,,,,,,,,,,,,,,,,
ss26-cloud-tracksuit-black-volcano-grey,,,,,,,,,,,,,,,,,,,,,,,,,,,,,,,https://cdn.shopify.com/s/files/1/0578/9217/5895/files/TRAILBERG_1812257165_f164e9ff-3394-4004-8368-693cc51df1c6.jpg?v=1769174513,11,"",,,,,,,,,,,,,,,,,,,,,,,,,,,,,,,,,,,,,,,,,,,,,,,,,,,,,,,,,,
crest-3-0-tracksuit-black,Crest 3.0 Tracksuit - Black,"<p>Built for unpredictable mountain weather, the Crest 3.0 Tracksuit combines breathable fabric, and a lightweight fit for all-day comfort. Whether you’re scaling peaks or exploring city streets, this jacket keeps you protected, dry, and ready for whatever the trail brings.<strong></strong></p>
<p><strong>Material Composition: </strong></p>
<ul>
<li>88% Polyester, 12% Elastane</li>
</ul>
<p>This set comprises of the Crest 3.0 Jacket and Crest 3.0 Pant. </p>",Trailberg,Apparel & Accessories > Clothing > Outfit Sets,TRACKSUITS,"2026Q1, bikers, Biking and Running, BUNDLE, BUNDLES, Hikers, LOW AND SLOW, NEW IN, Nosto New In Test, Runners, RUNNING, SET, SETS, Winter Sports",true,Size,XS,,,,,,,,CREST-3-TSUIT-BLK-XS,800.0,shopify,deny,manual,140.00,,true,true,,,,,,https://cdn.shopify.com/s/files/1/0578/9217/5895/files/TRAILBERG_2001267515_b9118d58-fa36-444d-b2ee-c8072c88cb81.jpg?v=1772104883,1,"",false,,,,,,crest-3-0-hood-black; crest-3-0-pant-black,BVG,,,,,https://cdn.shopify.com/s/files/1/0578/9217/5895/files/Black.png?v=1751894382,crest-3-0-tracksuit-black; crest-3-0-tracksuit-storm-blue,,,,,,,,,black,,,,,,crest-3-0-hood-black; crest-3-0-pant-black,,,,,g,,,true,,,true,,,true,,,true,,,true,,,true,,,true,,,active
crest-3-0-tracksuit-black,,,,,,,,,S,,,,,,,,CREST-3-TSUIT-BLK-S,800.0,shopify,deny,manual,140.00,,true,true,,,,,,https://cdn.shopify.com/s/files/1/0578/9217/5895/files/TRAILBERG_2001267508_8c8ffda1-45dd-4a6f-852f-4f941530112e.jpg?v=1772104883,2,"",,,,,,,,,,,,,,,,,,,,,,,,,,,,,,,,,,g,,,,,,,,,,,,,,,,,,,,,,,,
crest-3-0-tracksuit-black,,,,,,,,,M,,,,,,,,CREST-3-TSUIT-BLK-M,800.0,shopify,deny,manual,140.00,,true,true,,,,,,https://cdn.shopify.com/s/files/1/0578/9217/5895/files/TRAILBERG_1812257229_5cff7c09-eec9-4b15-bba0-77bd7ec617c1.jpg?v=1769790894,3,"",,,,,,,,,,,,,,,,,,,,,,,,,,,,,,,,,,g,,,,,,,,,,,,,,,,,,,,,,,,
crest-3-0-tracksuit-black,,,,,,,,,L,,,,,,,,CREST-3-TSUIT-BLK-L,800.0,shopify,deny,manual,140.00,,true,true,,,,,,https://cdn.shopify.com/s/files/1/0578/9217/5895/files/TRAILBERG_1812257230_be5b299f-9e97-4af7-baa6-9ad9a1261c32.jpg?v=1769790894,4,"",,,,,,,,,,,,,,,,,,,,,,,,,,,,,,,,,,g,,,,,,,,,,,,,,,,,,,,,,,,
crest-3-0-tracksuit-black,,,,,,,,,XL,,,,,,,,CREST-3-TSUIT-BLK-XL,800.0,shopify,deny,manual,140.00,,true,true,,,,,,https://cdn.shopify.com/s/files/1/0578/9217/5895/files/TRAILBERG_2001267510_c687663e-ec39-444c-a55f-059d42e8a7d0.jpg?v=1769790894,5,"",,,,,,,,,,,,,,,,,,,,,,,,,,,,,,,,,,g,,,,,,,,,,,,,,,,,,,,,,,,
crest-3-0-tracksuit-black,,,,,,,,,XXL,,,,,,,,CREST-3-TSUIT-BLK-XXL,800.0,shopify,deny,manual,140.00,,true,true,,,,,,https://cdn.shopify.com/s/files/1/0578/9217/5895/files/TRAILBERG_2001267511_229f28b2-7d75-4356-95e7-1cf1bbc8988d.jpg?v=1769790894,6,"",,,,,,,,,,,,,,,,,,,,,,,,,,,,,,,,,,g,,,,,,,,,,,,,,,,,,,,,,,,
crest-3-0-tracksuit-black,,,,,,,,,,,,,,,,,,,,,,,,,,,,,,,https://cdn.shopify.com/s/files/1/0578/9217/5895/files/TRAILBERG_2001267512_71874215-6d1a-4132-8f47-ff6e63985dfc.jpg?v=1769790894,7,"",,,,,,,,,,,,,,,,,,,,,,,,,,,,,,,,,,,,,,,,,,,,,,,,,,,,,,,,,,
crest-3-0-tracksuit-black,,,,,,,,,,,,,,,,,,,,,,,,,,,,,,,https://cdn.shopify.com/s/files/1/0578/9217/5895/files/TRAILBERG_2001267513_4aefd476-4d1d-40c7-9a99-52eb72401c3e.jpg?v=1769790894,8,"",,,,,,,,,,,,,,,,,,,,,,,,,,,,,,,,,,,,,,,,,,,,,,,,,,,,,,,,,,
crest-3-0-tracksuit-black,,,,,,,,,,,,,,,,,,,,,,,,,,,,,,,https://cdn.shopify.com/s/files/1/0578/9217/5895/files/TRAILBERG_2001267514_58621f8b-2c3b-4b6e-9092-a4b86d538338.jpg?v=1769790894,9,"",,,,,,,,,,,,,,,,,,,,,,,,,,,,,,,,,,,,,,,,,,,,,,,,,,,,,,,,,,
crest-3-0-tracksuit-storm-blue,Crest 3.0 Tracksuit - Storm Blue,"<p>Built for unpredictable mountain weather, the Crest 3.0 Tracksuit combines breathable fabric, and a lightweight fit for all-day comfort. Whether you’re scaling peaks or exploring city streets, this jacket keeps you protected, dry, and ready for whatever the trail brings.<strong></strong></p>
<p><strong>Material Composition: </strong></p>
<ul>
<li>88% Polyester, 12% Elastane</li>
</ul>
<p>This set comprises of the Crest 3.0 Jacket and Crest 3.0 Pant. </p>",Trailberg,Apparel & Accessories > Clothing > Outfit Sets,TRACKSUITS,"2026Q1, bikers, Biking and Running, BUNDLE, BUNDLES, Hikers, NEW IN, New In Test, Nosto New In Test, Runners, RUNNING, SET, SETS, test bundles, Winter Sports",true,Size,XS,,,,,,,,CREST-3-TSUIT-ST-BLUE-XS,800.0,shopify,deny,manual,140.00,,true,true,,,,,,https://cdn.shopify.com/s/files/1/0578/9217/5895/files/TRAILBERG_2701269386_bcd2f0f1-7951-4acd-ac94-5b27d0102e0a.jpg?v=1771252591,1,"",false,,,,,,crest-3-0-hood-storm-blue; crest-3-0-pant-storm-blue,,,,,,https://cdn.shopify.com/s/files/1/0578/9217/5895/files/DEEP_OCEAN.png?v=1753959141,crest-3-0-tracksuit-black; crest-3-0-tracksuit-storm-blue,,,,,,,,,navy,,,,,,crest-3-0-hood-storm-blue; crest-3-0-pant-storm-blue,,,,,g,,,true,,,true,,,true,,,true,,,true,,,true,,,true,,,active
crest-3-0-tracksuit-storm-blue,,,,,,,,,S,,,,,,,,CREST-3-TSUIT-ST-BLUE-S,800.0,shopify,deny,manual,140.00,,true,true,,,,,,https://cdn.shopify.com/s/files/1/0578/9217/5895/files/TRAILBERG_2701269373_8b406a9c-c770-4b5c-a743-118ec1c273be.jpg?v=1771252591,2,"",,,,,,,,,,,,,,,,,,,,,,,,,,,,,,,,,,g,,,,,,,,,,,,,,,,,,,,,,,,
crest-3-0-tracksuit-storm-blue,,,,,,,,,M,,,,,,,,CREST-3-TSUIT-ST-BLUE-M,800.0,shopify,deny,manual,140.00,,true,true,,,,,,https://cdn.shopify.com/s/files/1/0578/9217/5895/files/TRAILBERG_2701269375_0a5a57da-0fd4-43be-87a0-cf9f216d88bc.jpg?v=1771252591,3,"",,,,,,,,,,,,,,,,,,,,,,,,,,,,,,,,,,g,,,,,,,,,,,,,,,,,,,,,,,,
crest-3-0-tracksuit-storm-blue,,,,,,,,,L,,,,,,,,CREST-3-TSUIT-ST-BLUE-L,800.0,shopify,deny,manual,140.00,,true,true,,,,,,https://cdn.shopify.com/s/files/1/0578/9217/5895/files/TRAILBERG_2701269376_df942a10-bc48-403a-bf22-1180f423f045.jpg?v=1771252591,4,"",,,,,,,,,,,,,,,,,,,,,,,,,,,,,,,,,,g,,,,,,,,,,,,,,,,,,,,,,,,
crest-3-0-tracksuit-storm-blue,,,,,,,,,XL,,,,,,,,CREST-3-TSUIT-ST-BLUE-XL,800.0,shopify,deny,manual,140.00,,true,true,,,,,,https://cdn.shopify.com/s/files/1/0578/9217/5895/files/TRAILBERG_2701269377_75a6996c-ac6d-406c-8c77-801bdf1ceaed.jpg?v=1771252591,5,"",,,,,,,,,,,,,,,,,,,,,,,,,,,,,,,,,,g,,,,,,,,,,,,,,,,,,,,,,,,
crest-3-0-tracksuit-storm-blue,,,,,,,,,XXL,,,,,,,,CREST-3-TSUIT-ST-BLUE-XXL,800.0,shopify,deny,manual,140.00,,true,true,,,,,,https://cdn.shopify.com/s/files/1/0578/9217/5895/files/TRAILBERG_2701269378_c5060a64-18d1-4114-a9bf-1ac32db9be90.jpg?v=1771252591,6,"",,,,,,,,,,,,,,,,,,,,,,,,,,,,,,,,,,g,,,,,,,,,,,,,,,,,,,,,,,,
crest-3-0-tracksuit-storm-blue,,,,,,,,,,,,,,,,,,,,,,,,,,,,,,,https://cdn.shopify.com/s/files/1/0578/9217/5895/files/TRAILBERG_2701269379_14c5e2d3-9220-43c5-a1f4-20c82440476c.jpg?v=1771252591,7,"",,,,,,,,,,,,,,,,,,,,,,,,,,,,,,,,,,,,,,,,,,,,,,,,,,,,,,,,,,
crest-3-0-tracksuit-storm-blue,,,,,,,,,,,,,,,,,,,,,,,,,,,,,,,https://cdn.shopify.com/s/files/1/0578/9217/5895/files/TRAILBERG_2701269381_a496ff8e-a67f-4ff1-89c4-c547ed9b513e.jpg?v=1771252591,8,"",,,,,,,,,,,,,,,,,,,,,,,,,,,,,,,,,,,,,,,,,,,,,,,,,,,,,,,,,,
crest-3-0-tracksuit-storm-blue,,,,,,,,,,,,,,,,,,,,,,,,,,,,,,,https://cdn.shopify.com/s/files/1/0578/9217/5895/files/TRAILBERG_2701269382_0608ba82-9296-4fb9-9b37-92200e2741d8.jpg?v=1771252591,9,"",,,,,,,,,,,,,,,,,,,,,,,,,,,,,,,,,,,,,,,,,,,,,,,,,,,,,,,,,,
crest-3-0-tracksuit-storm-blue,,,,,,,,,,,,,,,,,,,,,,,,,,,,,,,https://cdn.shopify.com/s/files/1/0578/9217/5895/files/TRAILBERG_2701269383_afc95946-2a23-47b2-9835-dedcb5b2c285.jpg?v=1771252591,10,"",,,,,,,,,,,,,,,,,,,,,,,,,,,,,,,,,,,,,,,,,,,,,,,,,,,,,,,,,,
crest-3-0-tracksuit-storm-blue,,,,,,,,,,,,,,,,,,,,,,,,,,,,,,,https://cdn.shopify.com/s/files/1/0578/9217/5895/files/TRAILBERG_2701269384_280897cf-964e-49dd-bcd0-e8d0e101da42.jpg?v=1771252591,11,"",,,,,,,,,,,,,,,,,,,,,,,,,,,,,,,,,,,,,,,,,,,,,,,,,,,,,,,,,,
rapid-dash-2-0-tracksuit-mocha-pebblestone,Rapid Dash 2.0 Tracksuit - Mocha/Pebblestone,"<p>The iconic Rapid Dash, updated. <span>Created with four-way stretch, this set ensures unparalleled flexibility and freedom of movement.</span> S<span>tay organised on the go with functional zip pockets, while the reflective Trailberg branding ensures both safety and visibility. Engineered to perform to the level of your run. </span><strong></strong></p>
<p>This set comprises of the Rapid Dash 2.0 Hood and Pant. </p>",Trailberg,Apparel & Accessories > Clothing > Outfit Sets,TRACKSUITS,"2026Q1, BESTSELLER, bikers, Biking and Running, BUNDLE, BUNDLES, Hikers, NEW IN, New In Test, Nosto New In Test, RESHOOT, Runners, RUNNING, RUNNING AND TRAINING, SET, SETS, test bundles, Winter Sports",true,Size,XS,,,,,,,,RAPID-DASH-TRK-MOCHA-XS,800.0,shopify,deny,manual,130.00,,true,true,,,,,,https://cdn.shopify.com/s/files/1/0578/9217/5895/files/TRAILBERG_2001267450.jpg?v=1772203269,1,"",false,,,,,,rapid-dash-hood-mocha; rapid-dash-2-0-woven-pant-mocha,,,,,,https://cdn.shopify.com/s/files/1/0578/9217/5895/files/pale_taupe.png?v=1752156425,rd2-trk-aeab; rd2-trk-bvg; rd2-trk-docw; rd2-trk-sgch,,,,,,,,,beige,,,,,,rapid-dash-hood-mocha; rapid-dash-2-0-woven-pant-mocha,,,,,g,,,true,,,true,,,true,,,true,,,true,,,true,,,true,,,active
rapid-dash-2-0-tracksuit-mocha-pebblestone,,,,,,,,,S,,,,,,,,RAPID-DASH-TRK-MOCHA-S,800.0,shopify,deny,manual,130.00,,true,true,,,,,,https://cdn.shopify.com/s/files/1/0578/9217/5895/files/TRAILBERG_2001267464_6372648a-9cf7-4fca-8ea1-6796cd47f5e5.jpg?v=1772203269,2,"",,,,,,,,,,,,,,,,,,,,,,,,,,,,,,,,,,g,,,,,,,,,,,,,,,,,,,,,,,,
rapid-dash-2-0-tracksuit-mocha-pebblestone,,,,,,,,,M,,,,,,,,RAPID-DASH-TRK-MOCHA-M,800.0,shopify,deny,manual,130.00,,true,true,,,,,,https://cdn.shopify.com/s/files/1/0578/9217/5895/files/TRAILBERG_2001267451_ed2c3ffd-4e7c-43f0-beb7-2801b2b6b5b5.jpg?v=1772203269,3,"",,,,,,,,,,,,,,,,,,,,,,,,,,,,,,,,,,g,,,,,,,,,,,,,,,,,,,,,,,,
rapid-dash-2-0-tracksuit-mocha-pebblestone,,,,,,,,,L,,,,,,,,RAPID-DASH-TRK-MOCHA-L,800.0,shopify,deny,manual,130.00,,true,true,,,,,,https://cdn.shopify.com/s/files/1/0578/9217/5895/files/TRAILBERG_2001267449_c692e337-27df-4194-9281-95c7ca647975.jpg?v=1772203269,4,"",,,,,,,,,,,,,,,,,,,,,,,,,,,,,,,,,,g,,,,,,,,,,,,,,,,,,,,,,,,
rapid-dash-2-0-tracksuit-mocha-pebblestone,,,,,,,,,XL,,,,,,,,RAPID-DASH-TRK-MOCHA-XL,800.0,shopify,deny,manual,130.00,,true,true,,,,,,https://cdn.shopify.com/s/files/1/0578/9217/5895/files/TRAILBERG_2001267452_09b85631-97ba-42e7-9f46-682662dc6b37.jpg?v=1772203269,5,"",,,,,,,,,,,,,,,,,,,,,,,,,,,,,,,,,,g,,,,,,,,,,,,,,,,,,,,,,,,
rapid-dash-2-0-tracksuit-mocha-pebblestone,,,,,,,,,XXL,,,,,,,,RAPID-DASH-TRK-MOCHA-XXL,800.0,shopify,deny,manual,130.00,,true,true,,,,,,https://cdn.shopify.com/s/files/1/0578/9217/5895/files/TRAILBERG_2001267453_f57e2823-c594-4803-a2c9-784b597f46a8.jpg?v=1772203269,6,"",,,,,,,,,,,,,,,,,,,,,,,,,,,,,,,,,,g,,,,,,,,,,,,,,,,,,,,,,,,
rapid-dash-2-0-tracksuit-mocha-pebblestone,,,,,,,,,,,,,,,,,,,,,,,,,,,,,,,https://cdn.shopify.com/s/files/1/0578/9217/5895/files/TRAILBERG_2001267454_748d38b5-7971-4175-b756-5245a031bbb2.jpg?v=1772203269,7,"",,,,,,,,,,,,,,,,,,,,,,,,,,,,,,,,,,,,,,,,,,,,,,,,,,,,,,,,,,
rapid-dash-2-0-tracksuit-mocha-pebblestone,,,,,,,,,,,,,,,,,,,,,,,,,,,,,,,https://cdn.shopify.com/s/files/1/0578/9217/5895/files/TRAILBERG_2001267455_71ad0137-5cf4-4aae-b3a0-ca1fed2f2fd5.jpg?v=1772203269,8,"",,,,,,,,,,,,,,,,,,,,,,,,,,,,,,,,,,,,,,,,,,,,,,,,,,,,,,,,,,
rapid-dash-2-0-tracksuit-mocha-pebblestone,,,,,,,,,,,,,,,,,,,,,,,,,,,,,,,https://cdn.shopify.com/s/files/1/0578/9217/5895/files/TRAILBERG_2001267456_1a03dc9d-bd27-4e95-abcc-9a584058eec7.jpg?v=1772203269,9,"",,,,,,,,,,,,,,,,,,,,,,,,,,,,,,,,,,,,,,,,,,,,,,,,,,,,,,,,,,
rapid-dash-2-0-tracksuit-mocha-pebblestone,,,,,,,,,,,,,,,,,,,,,,,,,,,,,,,https://cdn.shopify.com/s/files/1/0578/9217/5895/files/TRAILBERG_2001267459_720acba9-935f-423d-a3cf-ccb70c3d9bbe.jpg?v=1772203269,10,"",,,,,,,,,,,,,,,,,,,,,,,,,,,,,,,,,,,,,,,,,,,,,,,,,,,,,,,,,,
rapid-dash-2-0-tracksuit-mocha-pebblestone,,,,,,,,,,,,,,,,,,,,,,,,,,,,,,,https://cdn.shopify.com/s/files/1/0578/9217/5895/files/TRAILBERG_2001267461_34d6f11a-2c1a-46a1-aafe-6ebf09f8064a.jpg?v=1772203269,11,"",,,,,,,,,,,,,,,,,,,,,,,,,,,,,,,,,,,,,,,,,,,,,,,,,,,,,,,,,,
rapid-dash-2-0-tracksuit-mocha-pebblestone,,,,,,,,,,,,,,,,,,,,,,,,,,,,,,,https://cdn.shopify.com/s/files/1/0578/9217/5895/files/TRAILBERG_2001267462_219fb8c4-3b09-4ed0-aca1-e8924769f0f2.jpg?v=1772203269,12,"",,,,,,,,,,,,,,,,,,,,,,,,,,,,,,,,,,,,,,,,,,,,,,,,,,,,,,,,,,
rapid-dash-2-0-tracksuit-storm-blue-voltage-blue,Rapid Dash 2.0 Tracksuit - Storm Blue/Voltage Blue,"<p>The iconic Rapid Dash, updated. <span>Created with four-way stretch, this set ensures unparalleled flexibility and freedom of movement.</span> S<span>tay organised on the go with functional zip pockets, while the reflective Trailberg branding ensures both safety and visibility. Engineered to perform to the level of your run. </span><strong></strong></p>
<p>This set comprises of the Rapid Dash 2.0 Hood and Pant. </p>",Trailberg,Apparel & Accessories > Clothing > Outfit Sets,TRACKSUITS,"2026Q1, BESTSELLER, bikers, Biking and Running, BUNDLE, BUNDLES, Hikers, NEW IN, New In Test, Nosto New In Test, RESHOOT, Runners, RUNNING, SET, SETS, test bundles, Winter Sports",true,Size,XS,,,,,,,,RAPID-DASH-TRK-STORM-XS,800.0,shopify,deny,manual,130.00,,true,true,,,,,,https://cdn.shopify.com/s/files/1/0578/9217/5895/files/TRAILBERG_2001267400_da551e17-bb07-4f36-a4f9-bfb300186aba.jpg?v=1771252525,1,"",false,,,,,,rapid-dash-hood-blue; rapid-dash-2-0-woven-pant-storm-blue,,,,,,https://cdn.shopify.com/s/files/1/0578/9217/5895/files/DEEP_OCEAN.png?v=1753959141,rd2-trk-aeab; rd2-trk-bvg; rd2-trk-docw; rd2-trk-sgch,,,,,,,,,navy,,,,,,rapid-dash-hood-blue; rapid-dash-seamless-tee-blue; rapid-dash-2-0-woven-pant-storm-blue,,,,,g,,,true,,,true,,,true,,,true,,,true,,,true,,,true,,,active
rapid-dash-2-0-tracksuit-storm-blue-voltage-blue,,,,,,,,,S,,,,,,,,RAPID-DASH-TRK-STORM-S,800.0,shopify,deny,manual,130.00,,true,true,,,,,,https://cdn.shopify.com/s/files/1/0578/9217/5895/files/TRAILBERG_2001267389_8abd8bec-044d-40f4-9aed-423b7b92d224.jpg?v=1771252531,2,"",,,,,,,,,,,,,,,,,,,,,,,,,,,,,,,,,,g,,,,,,,,,,,,,,,,,,,,,,,,
rapid-dash-2-0-tracksuit-storm-blue-voltage-blue,,,,,,,,,M,,,,,,,,RAPID-DASH-TRK-STORM-M,800.0,shopify,deny,manual,130.00,,true,true,,,,,,https://cdn.shopify.com/s/files/1/0578/9217/5895/files/TRAILBERG_2001267387_d2a783d3-79f4-46c1-8fbe-63b2c711b0ca.jpg?v=1771252531,3,"",,,,,,,,,,,,,,,,,,,,,,,,,,,,,,,,,,g,,,,,,,,,,,,,,,,,,,,,,,,
rapid-dash-2-0-tracksuit-storm-blue-voltage-blue,,,,,,,,,L,,,,,,,,RAPID-DASH-TRK-STORM-L,800.0,shopify,deny,manual,130.00,,true,true,,,,,,https://cdn.shopify.com/s/files/1/0578/9217/5895/files/TRAILBERG_2001267400.jpg?v=1771252525,4,"",,,,,,,,,,,,,,,,,,,,,,,,,,,,,,,,,,g,,,,,,,,,,,,,,,,,,,,,,,,
rapid-dash-2-0-tracksuit-storm-blue-voltage-blue,,,,,,,,,XL,,,,,,,,RAPID-DASH-TRK-STORM-XL,800.0,shopify,deny,manual,130.00,,true,true,,,,,,https://cdn.shopify.com/s/files/1/0578/9217/5895/files/TRAILBERG_2001267391_8131e202-464d-4b94-9429-ed7ff810ff71.jpg?v=1771252525,5,"",,,,,,,,,,,,,,,,,,,,,,,,,,,,,,,,,,g,,,,,,,,,,,,,,,,,,,,,,,,
rapid-dash-2-0-tracksuit-storm-blue-voltage-blue,,,,,,,,,XXL,,,,,,,,RAPID-DASH-TRK-STORM-XXL,800.0,shopify,deny,manual,130.00,,true,true,,,,,,https://cdn.shopify.com/s/files/1/0578/9217/5895/files/TRAILBERG_2001267390_f1d63d79-68ad-4369-898d-4e7cb8048713.jpg?v=1771252525,6,"",,,,,,,,,,,,,,,,,,,,,,,,,,,,,,,,,,g,,,,,,,,,,,,,,,,,,,,,,,,
rapid-dash-2-0-tracksuit-storm-blue-voltage-blue,,,,,,,,,,,,,,,,,,,,,,,,,,,,,,,https://cdn.shopify.com/s/files/1/0578/9217/5895/files/TRAILBERG_2001267392_354871ff-d52f-4164-974e-97878bad1303.jpg?v=1771252525,7,"",,,,,,,,,,,,,,,,,,,,,,,,,,,,,,,,,,,,,,,,,,,,,,,,,,,,,,,,,,
rapid-dash-2-0-tracksuit-storm-blue-voltage-blue,,,,,,,,,,,,,,,,,,,,,,,,,,,,,,,https://cdn.shopify.com/s/files/1/0578/9217/5895/files/TRAILBERG_2001267394_35935448-1dd8-4c48-a26c-4f39e70f2f72.jpg?v=1771252525,8,"",,,,,,,,,,,,,,,,,,,,,,,,,,,,,,,,,,,,,,,,,,,,,,,,,,,,,,,,,,
rapid-dash-2-0-tracksuit-storm-blue-voltage-blue,,,,,,,,,,,,,,,,,,,,,,,,,,,,,,,https://cdn.shopify.com/s/files/1/0578/9217/5895/files/TRAILBERG_2001267393_adfb3656-37ec-4884-afeb-95200c54d83f.jpg?v=1771252525,9,"",,,,,,,,,,,,,,,,,,,,,,,,,,,,,,,,,,,,,,,,,,,,,,,,,,,,,,,,,,
rapid-dash-2-0-tracksuit-storm-blue-voltage-blue,,,,,,,,,,,,,,,,,,,,,,,,,,,,,,,https://cdn.shopify.com/s/files/1/0578/9217/5895/files/TRAILBERG_2001267395_cbee3297-a309-4658-9f72-3940b7774b20.jpg?v=1771252525,10,"",,,,,,,,,,,,,,,,,,,,,,,,,,,,,,,,,,,,,,,,,,,,,,,,,,,,,,,,,,
rapid-dash-2-0-tracksuit-storm-blue-voltage-blue,,,,,,,,,,,,,,,,,,,,,,,,,,,,,,,https://cdn.shopify.com/s/files/1/0578/9217/5895/files/TRAILBERG_2001267397_acba2276-32fd-44c7-b448-b663a8c15fd0.jpg?v=1771252525,11,"",,,,,,,,,,,,,,,,,,,,,,,,,,,,,,,,,,,,,,,,,,,,,,,,,,,,,,,,,,
rapid-dash-2-0-tracksuit-storm-blue-voltage-blue,,,,,,,,,,,,,,,,,,,,,,,,,,,,,,,https://cdn.shopify.com/s/files/1/0578/9217/5895/files/TRAILBERG_2001267396_e78c2488-2888-4553-b3d8-aaa10f509d3f.jpg?v=1771252525,12,"",,,,,,,,,,,,,,,,,,,,,,,,,,,,,,,,,,,,,,,,,,,,,,,,,,,,,,,,,,
odyssey-2-0-tracksuit-graphite-grey,Odyssey 2.0 Outdoor Tracksuit - Graphite Grey,"<p data-start=""326"" data-end=""697"">Designed for adaptability across changing environments, the Trailberg Odyssey Tracksuit pairs a lightweight technical hood with streamlined performance pants for complete multi-terrain functionality. Built with 4-way stretch grid fabric throughout, the set delivers unrestricted movement, breathable comfort and practical storage for active days on and off the trail.</p>
<p data-start=""699"" data-end=""1120"">Engineered for hiking, training and active travel, the Odyssey Hood provides weather resistance with a DWR finish and enhanced airflow through power mesh ventilation, while the Odyssey 2.0 Pant offers a streamlined fit with adjustable hems for all-day comfort across varied terrain. Secure zipped pockets and reflective detailing across both pieces ensure performance, practicality and visibility in low-light conditions.</p>
<p data-start=""1122"" data-end=""1139""><strong>Key Features</strong></p>
<ul>
<li data-start=""1142"" data-end=""1213"">Lightweight technical hood and pant set for multi-terrain outdoor use</li>
<li data-start=""1216"" data-end=""1285"">4-way stretch grid fabric for flexibility and unrestricted movement</li>
<li data-start=""1288"" data-end=""1351"">Power mesh ventilation on the hood for enhanced breathability</li>
<li data-start=""1354"" data-end=""1421"">Durable water-repellent (DWR) finish for light weather protection</li>
<li data-start=""1424"" data-end=""1492"">Four zipped pockets on the pant and secure zip pockets on the hood</li>
<li data-start=""1495"" data-end=""1564"">Adjustable pant hems with bungee system for comfort and versatility</li>
<li data-start=""1567"" data-end=""1635"">Elasticated waistband with branded drawcord for a personalised fit</li>
<li data-start=""1638"" data-end=""1696"">Flat elastic hood and cuffs for a streamlined silhouette</li>
<li data-start=""1699"" data-end=""1764"">Reflective branding across both pieces for increased visibility</li>
</ul>
<p data-start=""1766"" data-end=""1851""><strong data-start=""1766"" data-end=""1780"">Ideal for:</strong> hiking, outdoor training, active travel and everyday performance wear.</p>",Trailberg,Apparel & Accessories > Clothing > Outfit Sets,TRACKSUITS,"2026Q1, bikers, Biking and Running, BUNDLE, BUNDLES, Hikers, Hiking, NEW IN, New In Test, Nosto New In Test, ODYSSEY, Runners, SET, SETS, test bundles, Winter Sports",true,Size,XS,,,,,,,,ODY-2-TRK-GREY-XS,800.0,shopify,deny,manual,160.00,,true,true,,,,,,https://cdn.shopify.com/s/files/1/0578/9217/5895/files/TRAILBERG_2001267683_d6a76b85-2cb6-4f34-acc8-6cd2786983e1.jpg?v=1769791895,1,"",false,,,,,,odyssey-2-hood-grey; odyssey-2-pant-graphite-grey,,,,,,https://cdn.shopify.com/s/files/1/0578/9217/5895/files/volcano_grey.png?v=1761130864,ody2-trk-bvg; odyssey-2-0-tracksuit-graphite-grey; ody2-trk-vgus,,,,,,,,,grey-1,,,,,,odyssey-2-hood-grey; odyssey-2-pant-graphite-grey,,ahead,,,g,,,true,,,true,,,true,,,true,,,true,,,true,,,true,,,active
odyssey-2-0-tracksuit-graphite-grey,,,,,,,,,S,,,,,,,,ODY-2-TRK-GREY-S,800.0,shopify,deny,manual,160.00,,true,true,,,,,,https://cdn.shopify.com/s/files/1/0578/9217/5895/files/TRAILBERG_2001267685_3638fb7d-d359-49e4-817f-3097ffb1f8cd.jpg?v=1769791895,2,"",,,,,,,,,,,,,,,,,,,,,,,,,,,,,,,,,,g,,,,,,,,,,,,,,,,,,,,,,,,
odyssey-2-0-tracksuit-graphite-grey,,,,,,,,,M,,,,,,,,ODY-2-TRK-GREY-M,800.0,shopify,deny,manual,160.00,,true,true,,,,,,https://cdn.shopify.com/s/files/1/0578/9217/5895/files/TRAILBERG_2001267686_07988999-d5c0-4ff5-8b3a-0b1afbf9e509.jpg?v=1772101442,3,"",,,,,,,,,,,,,,,,,,,,,,,,,,,,,,,,,,g,,,,,,,,,,,,,,,,,,,,,,,,
odyssey-2-0-tracksuit-graphite-grey,,,,,,,,,L,,,,,,,,ODY-2-TRK-GREY-L,800.0,shopify,deny,manual,160.00,,true,true,,,,,,https://cdn.shopify.com/s/files/1/0578/9217/5895/files/TRAILBERG_2001267687_66ffcf7d-15a6-481b-bccc-33c243788c77.jpg?v=1772101442,4,"",,,,,,,,,,,,,,,,,,,,,,,,,,,,,,,,,,g,,,,,,,,,,,,,,,,,,,,,,,,
odyssey-2-0-tracksuit-graphite-grey,,,,,,,,,XL,,,,,,,,ODY-2-TRK-GREY-XL,800.0,shopify,deny,manual,160.00,,true,true,,,,,,https://cdn.shopify.com/s/files/1/0578/9217/5895/files/TRAILBERG_2001267688_324daf71-b0f6-4e50-81f3-596667913a85.jpg?v=1772101442,5,"",,,,,,,,,,,,,,,,,,,,,,,,,,,,,,,,,,g,,,,,,,,,,,,,,,,,,,,,,,,
odyssey-2-0-tracksuit-graphite-grey,,,,,,,,,XXL,,,,,,,,ODY-2-TRK-GREY-XXL,800.0,shopify,deny,manual,160.00,,true,true,,,,,,https://cdn.shopify.com/s/files/1/0578/9217/5895/files/TRAILBERG_2001267689_1f8387e0-0062-4d01-a205-5fd43920b9b9.jpg?v=1772101442,6,"",,,,,,,,,,,,,,,,,,,,,,,,,,,,,,,,,,g,,,,,,,,,,,,,,,,,,,,,,,,
odyssey-2-0-tracksuit-graphite-grey,,,,,,,,,,,,,,,,,,,,,,,,,,,,,,,https://cdn.shopify.com/s/files/1/0578/9217/5895/files/TRAILBERG_2001267690_c054fa65-7367-4937-858b-808cdc233f04.jpg?v=1772101442,7,"",,,,,,,,,,,,,,,,,,,,,,,,,,,,,,,,,,,,,,,,,,,,,,,,,,,,,,,,,,
odyssey-2-0-tracksuit-graphite-grey,,,,,,,,,,,,,,,,,,,,,,,,,,,,,,,https://cdn.shopify.com/s/files/1/0578/9217/5895/files/TRAILBERG_2001267692_0cf887f0-66f6-4d8b-a3da-9ead012eddd5.jpg?v=1769791895,8,"",,,,,,,,,,,,,,,,,,,,,,,,,,,,,,,,,,,,,,,,,,,,,,,,,,,,,,,,,,
odyssey-2-0-tracksuit-graphite-grey,,,,,,,,,,,,,,,,,,,,,,,,,,,,,,,https://cdn.shopify.com/s/files/1/0578/9217/5895/files/TRAILBERG_2001267693_21812c71-de67-4ea4-b71a-b2d0b81d3e5d.jpg?v=1769791895,9,"",,,,,,,,,,,,,,,,,,,,,,,,,,,,,,,,,,,,,,,,,,,,,,,,,,,,,,,,,,
odyssey-2-0-tracksuit-graphite-grey,,,,,,,,,,,,,,,,,,,,,,,,,,,,,,,https://cdn.shopify.com/s/files/1/0578/9217/5895/files/TRAILBERG_2001267694_37ddfe78-bdea-4eb1-b7ac-582460883473.jpg?v=1769791895,10,"",,,,,,,,,,,,,,,,,,,,,,,,,,,,,,,,,,,,,,,,,,,,,,,,,,,,,,,,,,
odyssey-2-0-tracksuit-graphite-grey,,,,,,,,,,,,,,,,,,,,,,,,,,,,,,,https://cdn.shopify.com/s/files/1/0578/9217/5895/files/TRAILBERG_2001267696_746ac564-5bbf-401e-8151-364edacec0e3.jpg?v=1769791896,11,"",,,,,,,,,,,,,,,,,,,,,,,,,,,,,,,,,,,,,,,,,,,,,,,,,,,,,,,,,,
apex-seamless-essentials-2-0-twinset-frosted-denim,Apex Seamless Essentials 2.0 Twinset - Frosted Denim,"<p>For peak performance, the Apex Essentials Seamless Tee Twinset keeps you cool and dry on the trails. Minimises chafing and promotes airflow, allowing you to focus on your goals without distraction. <strong></strong></p>
<p><strong>Tee Key Features: </strong></p>
<ul>
<li>Jacquard knit seamless fabric </li>
<li>Reflective branding for increased visibility</li>
<li>Trailberg branding on the reverse.</li>
</ul>
<p><strong>Shorts Key Features:</strong><br></p>
<ul>
<li aria-level=""1""><span>Flat elasticated waistband with drawcord</span></li>
<li aria-level=""1""><span>Reflective logo </span></li>
<li aria-level=""1""><span>Functional side pockets</span></li>
<li aria-level=""1""><span>Inner mesh knicker</span></li>
<li aria-level=""1""><span>Trailberg branded drawcord</span></li>
</ul>",Trailberg,Apparel & Accessories > Clothing > Outfit Sets,TWINSETS,"2026Q1, badge_EXCLUSIVE, BUNDLE, BUNDLES, Connell, New In Test, Nosto New In Test, Peak, Runners, RUNNING, RUNNING AND TRAINING, SET, SETS, test bundles",true,Size,XS,,,,,,,,APEX-ESS-DENIM-XS,400.0,shopify,deny,manual,72.00,,true,true,,,,,,https://cdn.shopify.com/s/files/1/0578/9217/5895/files/TRAILBERG_2001267617_2ec9b4c8-bdaa-46ca-8e4f-56d710e5e63a.jpg?v=1771252432,1,"",false,,,,,,apex-seamless-tee-blue; essentials-2-short-frosted-denim,,,,,,https://cdn.shopify.com/s/files/1/0578/9217/5895/files/FROSTED_DENIM.png?v=1772037108,apex-essentials-khaki; apex-seamless-essentials-2-0-twinset-washed-indigo-eclipse-blue; apex-seamless-essentials-2-0-twinset-frosted-denim; apex-seamless-essentials-2-0-twinset-lunar-grey; apex-seamless-essentials-2-0-twinset-storm-blue-iceberg-blue; apex-ess-tw-tau,,,,,,,,,,,,,,,apex-seamless-tee-blue; essentials-2-short-frosted-denim,,,,,g,,,true,,,true,,,true,,,true,,,true,,,true,,,true,,,active
apex-seamless-essentials-2-0-twinset-frosted-denim,,,,,,,,,S,,,,,,,,APEX-ESS-DENIM-S,400.0,shopify,deny,manual,72.00,,true,true,,,,,,https://cdn.shopify.com/s/files/1/0578/9217/5895/files/TRAILBERG_2001267611_6691ee08-eaba-41fa-a77d-c8cb9ee82261.jpg?v=1771252432,2,"",,,,,,,,,,,,,,,,,,,,,,,,,,,,,,,,,,g,,,,,,,,,,,,,,,,,,,,,,,,
apex-seamless-essentials-2-0-twinset-frosted-denim,,,,,,,,,M,,,,,,,,APEX-ESS-DENIM-M,400.0,shopify,deny,manual,72.00,,true,true,,,,,,https://cdn.shopify.com/s/files/1/0578/9217/5895/files/TRAILBERG_2001267615_e7cf81d3-3079-4720-8860-1b003aaac530.jpg?v=1771252432,3,"",,,,,,,,,,,,,,,,,,,,,,,,,,,,,,,,,,g,,,,,,,,,,,,,,,,,,,,,,,,
apex-seamless-essentials-2-0-twinset-frosted-denim,,,,,,,,,L,,,,,,,,APEX-ESS-DENIM-L,400.0,shopify,deny,manual,72.00,,true,true,,,,,,https://cdn.shopify.com/s/files/1/0578/9217/5895/files/TRAILBERG_2001267616_e9202314-57fd-4321-b61c-2f160d492910.jpg?v=1771252432,4,"",,,,,,,,,,,,,,,,,,,,,,,,,,,,,,,,,,g,,,,,,,,,,,,,,,,,,,,,,,,
apex-seamless-essentials-2-0-twinset-frosted-denim,,,,,,,,,XL,,,,,,,,APEX-ESS-DENIM-XL,400.0,shopify,deny,manual,72.00,,true,true,,,,,,https://cdn.shopify.com/s/files/1/0578/9217/5895/files/TRAILBERG_2001267618_8face0a4-33fd-48df-b75a-069192d47b56.jpg?v=1769791973,5,"",,,,,,,,,,,,,,,,,,,,,,,,,,,,,,,,,,g,,,,,,,,,,,,,,,,,,,,,,,,
apex-seamless-essentials-2-0-twinset-frosted-denim,,,,,,,,,XXL,,,,,,,,APEX-ESS-DENIM-XXL,400.0,shopify,deny,manual,72.00,,true,true,,,,,,https://cdn.shopify.com/s/files/1/0578/9217/5895/files/TRAILBERG_2001267604_03c5b301-909f-4a29-9ec3-48c5ff110100.jpg?v=1769791994,6,"",,,,,,,,,,,,,,,,,,,,,,,,,,,,,,,,,,g,,,,,,,,,,,,,,,,,,,,,,,,
apex-seamless-essentials-2-0-twinset-frosted-denim,,,,,,,,,,,,,,,,,,,,,,,,,,,,,,,https://cdn.shopify.com/s/files/1/0578/9217/5895/files/TRAILBERG_2001267607_6670ed3e-45e6-44cc-9920-9311ebfe19e5.jpg?v=1769792032,7,"",,,,,,,,,,,,,,,,,,,,,,,,,,,,,,,,,,,,,,,,,,,,,,,,,,,,,,,,,,
apex-seamless-essentials-2-0-twinset-frosted-denim,,,,,,,,,,,,,,,,,,,,,,,,,,,,,,,https://cdn.shopify.com/s/files/1/0578/9217/5895/files/TRAILBERG_2001267605_a11479cd-b472-453d-9c79-cba6913847db.jpg?v=1769792032,8,"",,,,,,,,,,,,,,,,,,,,,,,,,,,,,,,,,,,,,,,,,,,,,,,,,,,,,,,,,,
apex-seamless-essentials-2-0-twinset-frosted-denim,,,,,,,,,,,,,,,,,,,,,,,,,,,,,,,https://cdn.shopify.com/s/files/1/0578/9217/5895/files/TRAILBERG_2001267606_e0f6f516-d503-4a3c-9052-a16bf05c7021.jpg?v=1769792032,9,"",,,,,,,,,,,,,,,,,,,,,,,,,,,,,,,,,,,,,,,,,,,,,,,,,,,,,,,,,,
apex-seamless-essentials-2-0-twinset-lunar-grey,Apex Seamless Essentials 2.0 Twinset - Lunar Grey,"<p>For peak performance, the Apex Essentials Seamless Tee Twinset keeps you cool and dry on the trails. Minimises chafing and promotes airflow, allowing you to focus on your goals without distraction. <strong></strong></p>
<p><strong>Tee Key Features: </strong></p>
<ul>
<li>Jacquard knit seamless fabric </li>
<li>Reflective branding for increased visibility</li>
<li>Trailberg branding on the reverse.</li>
</ul>
<p><strong>Shorts Key Features:</strong><br></p>
<ul>
<li aria-level=""1""><span>Flat elasticated waistband with drawcord</span></li>
<li aria-level=""1""><span>Reflective logo </span></li>
<li aria-level=""1""><span>Functional side pockets</span></li>
<li aria-level=""1""><span>Inner mesh knicker</span></li>
<li aria-level=""1""><span>Trailberg branded drawcord</span></li>
</ul>",Trailberg,Apparel & Accessories > Clothing > Outfit Sets,TWINSETS,"2026Q1, badge_EXCLUSIVE, BESTSELLER, BUNDLE, BUNDLES, Connell, NEW IN, New In Test, Nosto New In Test, Peak, Runners, RUNNING, RUNNING AND TRAINING, SET, SETS, test bundles",true,Size,XS,,,,,,,,APEX-ESS-LUNAR-GREY-XS,400.0,shopify,deny,manual,72.00,,true,true,,,,,,https://cdn.shopify.com/s/files/1/0578/9217/5895/files/TRAILBERG_2001267298_18f8bb23-be70-4581-96d2-918edb783093.jpg?v=1771252409,1,"",false,,,,,,apex-seamless-tee-grey; essentials-2-short-graphite-grey,,,,,,https://cdn.shopify.com/s/files/1/0578/9217/5895/files/STORM_GREY.png?v=1753958946,apex-essentials-khaki; apex-seamless-essentials-2-0-twinset-washed-indigo-eclipse-blue; apex-seamless-essentials-2-0-twinset-frosted-denim; apex-seamless-essentials-2-0-twinset-lunar-grey; apex-seamless-essentials-2-0-twinset-storm-blue-iceberg-blue; apex-ess-tw-tau,,,,,,,,,,,,,,,apex-seamless-tee-grey; essentials-2-short-graphite-grey,,,,,g,,,true,,,true,,,true,,,true,,,true,,,true,,,true,,,active
apex-seamless-essentials-2-0-twinset-lunar-grey,,,,,,,,,S,,,,,,,,APEX-ESS-LUNAR-GREY-S,400.0,shopify,deny,manual,72.00,,true,true,,,,,,https://cdn.shopify.com/s/files/1/0578/9217/5895/files/TRAILBERG_2001267297_50aafe3b-1d20-4794-a45a-a45d76654a2c.jpg?v=1771252422,2,"",,,,,,,,,,,,,,,,,,,,,,,,,,,,,,,,,,g,,,,,,,,,,,,,,,,,,,,,,,,
apex-seamless-essentials-2-0-twinset-lunar-grey,,,,,,,,,M,,,,,,,,APEX-ESS-LUNAR-GREY-M,400.0,shopify,deny,manual,72.00,,true,true,,,,,,https://cdn.shopify.com/s/files/1/0578/9217/5895/files/TRAILBERG_2001267290_7f1fefee-44bf-4c37-9aa0-5361b4b4a1e2.jpg?v=1771252422,3,"",,,,,,,,,,,,,,,,,,,,,,,,,,,,,,,,,,g,,,,,,,,,,,,,,,,,,,,,,,,
apex-seamless-essentials-2-0-twinset-lunar-grey,,,,,,,,,L,,,,,,,,APEX-ESS-LUNAR-GREY-L,400.0,shopify,deny,manual,72.00,,true,true,,,,,,https://cdn.shopify.com/s/files/1/0578/9217/5895/files/TRAILBERG_2001267295_5b9f3d4e-4fd2-438b-a1d3-91217bd240f8.jpg?v=1771252422,4,"",,,,,,,,,,,,,,,,,,,,,,,,,,,,,,,,,,g,,,,,,,,,,,,,,,,,,,,,,,,
apex-seamless-essentials-2-0-twinset-lunar-grey,,,,,,,,,XL,,,,,,,,APEX-ESS-LUNAR-GREY-XL,400.0,shopify,deny,manual,72.00,,true,true,,,,,,https://cdn.shopify.com/s/files/1/0578/9217/5895/files/TRAILBERG_2001267299_e99188bc-befe-4e75-893f-8fca24651b58.jpg?v=1769792124,5,"",,,,,,,,,,,,,,,,,,,,,,,,,,,,,,,,,,g,,,,,,,,,,,,,,,,,,,,,,,,
apex-seamless-essentials-2-0-twinset-lunar-grey,,,,,,,,,XXL,,,,,,,,APEX-ESS-LUNAR-GREY-XXL,400.0,shopify,deny,manual,72.00,,true,true,,,,,,https://cdn.shopify.com/s/files/1/0578/9217/5895/files/TRAILBERG_2001267301_5209bce6-168e-481b-b05f-10946d872901.jpg?v=1769792125,6,"",,,,,,,,,,,,,,,,,,,,,,,,,,,,,,,,,,g,,,,,,,,,,,,,,,,,,,,,,,,
apex-seamless-essentials-2-0-twinset-lunar-grey,,,,,,,,,,,,,,,,,,,,,,,,,,,,,,,https://cdn.shopify.com/s/files/1/0578/9217/5895/files/TRAILBERG_2001267302_fae0bef3-e0c6-4c2e-b05b-f4815a6a2caf.jpg?v=1769792126,7,"",,,,,,,,,,,,,,,,,,,,,,,,,,,,,,,,,,,,,,,,,,,,,,,,,,,,,,,,,,
apex-seamless-essentials-2-0-twinset-lunar-grey,,,,,,,,,,,,,,,,,,,,,,,,,,,,,,,https://cdn.shopify.com/s/files/1/0578/9217/5895/files/TRAILBERG_2001267304_efc45a1f-94f6-4e86-84ef-80d52045e85a.jpg?v=1769792125,8,"",,,,,,,,,,,,,,,,,,,,,,,,,,,,,,,,,,,,,,,,,,,,,,,,,,,,,,,,,,
apex-seamless-essentials-2-0-twinset-lunar-grey,,,,,,,,,,,,,,,,,,,,,,,,,,,,,,,https://cdn.shopify.com/s/files/1/0578/9217/5895/files/TRAILBERG_2001267305_e82b3271-62c0-4d20-bbcd-98fe0970141a.jpg?v=1769792125,9,"",,,,,,,,,,,,,,,,,,,,,,,,,,,,,,,,,,,,,,,,,,,,,,,,,,,,,,,,,,
apex-seamless-essentials-2-0-twinset-lunar-grey,,,,,,,,,,,,,,,,,,,,,,,,,,,,,,,https://cdn.shopify.com/s/files/1/0578/9217/5895/files/TRAILBERG_2001267306_270091d9-cdfa-4712-8b6d-38de327ab7ce.jpg?v=1769792125,10,"",,,,,,,,,,,,,,,,,,,,,,,,,,,,,,,,,,,,,,,,,,,,,,,,,,,,,,,,,,
apex-seamless-essentials-2-0-twinset-lunar-grey,,,,,,,,,,,,,,,,,,,,,,,,,,,,,,,https://cdn.shopify.com/s/files/1/0578/9217/5895/files/TRAILBERG_2001267312.jpg?v=1769792124,11,"",,,,,,,,,,,,,,,,,,,,,,,,,,,,,,,,,,,,,,,,,,,,,,,,,,,,,,,,,,
apex-seamless-essentials-2-0-twinset-storm-blue-iceberg-blue,Apex Seamless Essentials 2.0 Twinset - Storm Blue/Iceberg Blue,"<p>For peak performance, the Apex Essentials Seamless Tee Twinset keeps you cool and dry on the trails. Minimises chafing and promotes airflow, allowing you to focus on your goals without distraction. <strong></strong></p>
<p><strong>Tee Key Features: </strong></p>
<ul>
<li>Jacquard knit seamless fabric </li>
<li>Reflective branding for increased visibility</li>
<li>Trailberg branding on the reverse.</li>
</ul>
<p><strong>Shorts Key Features:</strong><br></p>
<ul>
<li aria-level=""1""><span>Flat elasticated waistband with drawcord</span></li>
<li aria-level=""1""><span>Reflective logo </span></li>
<li aria-level=""1""><span>Functional side pockets</span></li>
<li aria-level=""1""><span>Inner mesh knicker</span></li>
<li aria-level=""1""><span>Trailberg branded drawcord</span></li>
</ul>",Trailberg,Apparel & Accessories > Clothing > Outfit Sets,TWINSETS,"2026Q1, badge_EXCLUSIVE, BESTSELLER, BUNDLE, BUNDLES, Connell, exclude from Shoptimise feed, LOW AND SLOW, New In Test, Nosto New In Test, Peak, Runners, RUNNING, RUNNING AND TRAINING, SET, SETS, test bundles, warehouse-out-of-stock",false,Size,XS,,,,,,,,APEX-ESS-STORM-BLUE-XS,400.0,shopify,deny,manual,72.00,,true,true,,,,,,https://cdn.shopify.com/s/files/1/0578/9217/5895/files/TRAILBERG_2001267257_42ad99dc-dba3-4f80-a106-c78b01d322ff.jpg?v=1771252380,1,"",false,,,,,,apex-seamless-tee-grey-blue; essentials-2-short-storm-blue,,,,,,https://cdn.shopify.com/s/files/1/0578/9217/5895/files/DEEP_OCEAN.png?v=1753959141,apex-essentials-khaki; apex-seamless-essentials-2-0-twinset-washed-indigo-eclipse-blue; apex-seamless-essentials-2-0-twinset-frosted-denim; apex-seamless-essentials-2-0-twinset-lunar-grey; apex-seamless-essentials-2-0-twinset-storm-blue-iceberg-blue; apex-ess-tw-tau,,,,,,,,,,,,,,,apex-seamless-tee-grey-blue; essentials-2-short-storm-blue,,,,,g,,,true,,,true,,,true,,,true,,,true,,,true,,,true,,,active
apex-seamless-essentials-2-0-twinset-storm-blue-iceberg-blue,,,,,,,,,S,,,,,,,,APEX-ESS-STORM-BLUE-S,400.0,shopify,deny,manual,72.00,,true,true,,,,,,https://cdn.shopify.com/s/files/1/0578/9217/5895/files/TRAILBERG_2001267262_bcfa4712-fd46-4a01-97a0-beea33de9924.jpg?v=1771252397,2,"",,,,,,,,,,,,,,,,,,,,,,,,,,,,,,,,,,g,,,,,,,,,,,,,,,,,,,,,,,,
apex-seamless-essentials-2-0-twinset-storm-blue-iceberg-blue,,,,,,,,,M,,,,,,,,APEX-ESS-STORM-BLUE-M,400.0,shopify,deny,manual,72.00,,true,true,,,,,,https://cdn.shopify.com/s/files/1/0578/9217/5895/files/TRAILBERG_2001267261_8ffaee7f-132d-4a4b-add9-84d48b8ca856.jpg?v=1771252397,3,"",,,,,,,,,,,,,,,,,,,,,,,,,,,,,,,,,,g,,,,,,,,,,,,,,,,,,,,,,,,
apex-seamless-essentials-2-0-twinset-storm-blue-iceberg-blue,,,,,,,,,L,,,,,,,,APEX-ESS-STORM-BLUE-L,400.0,shopify,deny,manual,72.00,,true,true,,,,,,https://cdn.shopify.com/s/files/1/0578/9217/5895/files/TRAILBERG_2001267263_a32ebae5-e9ed-44bc-b9c2-0118ae93f869.jpg?v=1771252397,4,"",,,,,,,,,,,,,,,,,,,,,,,,,,,,,,,,,,g,,,,,,,,,,,,,,,,,,,,,,,,
apex-seamless-essentials-2-0-twinset-storm-blue-iceberg-blue,,,,,,,,,XL,,,,,,,,APEX-ESS-STORM-BLUE-XL,400.0,shopify,deny,manual,72.00,,true,true,,,,,,https://cdn.shopify.com/s/files/1/0578/9217/5895/files/TRAILBERG_2001267265_840ce0cc-4651-4102-8be4-89c7fdbb9bfa.jpg?v=1769792165,5,"",,,,,,,,,,,,,,,,,,,,,,,,,,,,,,,,,,g,,,,,,,,,,,,,,,,,,,,,,,,
apex-seamless-essentials-2-0-twinset-storm-blue-iceberg-blue,,,,,,,,,XXL,,,,,,,,APEX-ESS-STORM-BLUE-XXL,400.0,shopify,deny,manual,72.00,,true,true,,,,,,https://cdn.shopify.com/s/files/1/0578/9217/5895/files/TRAILBERG_2001267267_fd55bf9b-7cd1-415b-8dfa-1e2ad6122d87.jpg?v=1769792164,6,"",,,,,,,,,,,,,,,,,,,,,,,,,,,,,,,,,,g,,,,,,,,,,,,,,,,,,,,,,,,
apex-seamless-essentials-2-0-twinset-storm-blue-iceberg-blue,,,,,,,,,,,,,,,,,,,,,,,,,,,,,,,https://cdn.shopify.com/s/files/1/0578/9217/5895/files/TRAILBERG_2001267270_ff575450-dc4a-4250-bafc-1f9b5366e6eb.jpg?v=1769792164,7,"",,,,,,,,,,,,,,,,,,,,,,,,,,,,,,,,,,,,,,,,,,,,,,,,,,,,,,,,,,
apex-seamless-essentials-2-0-twinset-storm-blue-iceberg-blue,,,,,,,,,,,,,,,,,,,,,,,,,,,,,,,https://cdn.shopify.com/s/files/1/0578/9217/5895/files/TRAILBERG_2001267274.jpg?v=1769792163,8,"",,,,,,,,,,,,,,,,,,,,,,,,,,,,,,,,,,,,,,,,,,,,,,,,,,,,,,,,,,
apex-seamless-essentials-2-0-twinset-storm-blue-iceberg-blue,,,,,,,,,,,,,,,,,,,,,,,,,,,,,,,https://cdn.shopify.com/s/files/1/0578/9217/5895/files/TRAILBERG_2001267278_84d9fe9e-26a1-4498-b5d7-7f6ac220037a.jpg?v=1769792163,9,"",,,,,,,,,,,,,,,,,,,,,,,,,,,,,,,,,,,,,,,,,,,,,,,,,,,,,,,,,,
apex-seamless-essentials-2-0-twinset-storm-blue-iceberg-blue,,,,,,,,,,,,,,,,,,,,,,,,,,,,,,,https://cdn.shopify.com/s/files/1/0578/9217/5895/files/TRAILBERG_2001267279_2386a68f-8d7c-437a-9a8a-249b8752eaa7.jpg?v=1769792163,10,"",,,,,,,,,,,,,,,,,,,,,,,,,,,,,,,,,,,,,,,,,,,,,,,,,,,,,,,,,,
blur-essentials-2-0-twinset-storm-blue-iceberg-blue,Blur Essentials 2.0 Twinset - Storm Blue/Iceberg Blue,"<p data-start=""93"" data-end=""356"">The Trailberg Blur Twinset pairs the bold Blur Large Logo Tee with the versatile Essentials 2.0 Short for an easy, everyday active look. Built for comfort, movement and simple styling, this matching set works for training, travel or laid‑back off‑duty wear.</p>
<ul>
<li data-start=""360"" data-end=""425"">Relaxed, statement tee with large logo for strong visual impact</li>
<li data-start=""428"" data-end=""491"">Lightweight, performance‑oriented shorts for all‑day movement</li>
<li data-start=""494"" data-end=""557"">A single set that’s ready for gym, casual runs, or weekend wear</li>
</ul>
<p data-start=""559"" data-end=""680"" data-is-last-node="""" data-is-only-node="""">This set comprises of the Blur Large Logo Tee and the Essentials 2.0 Shorts</p>",Trailberg,Apparel & Accessories > Clothing > Outfit Sets,TWINSETS,"2026Q1, badge_EXCLUSIVE, BESTSELLER, BUNDLE, BUNDLES, Connell, new, NEW IN, New In Test, Nosto New In Test, Peak, Runners, RUNNING, SET, SETS, test bundles",true,Size,XS,,,,,,,,BLUE-ESS-STORM-BLUE-XS,400.0,shopify,deny,manual,64.00,,true,true,,,,,,https://cdn.shopify.com/s/files/1/0578/9217/5895/files/TRAILBERG_2001267288_1d5a2e77-f31a-4e1a-897d-3e5f7bd4137e.jpg?v=1771320237,1,"",false,,,,,,blur-large-logo-tee-storm-blue; essentials-2-short-storm-blue,,,,,,https://cdn.shopify.com/s/files/1/0578/9217/5895/files/DEEP_OCEAN.png?v=1753959141,blur-essentials-2-0-twinset-pebblestone; blur-essentials-2-0-twinset-storm-blue-iceberg-blue; blur-essentials-2-0-twinset-frosted-denim,,,,,,,,,,,,,,,blur-large-logo-tee-storm-blue; essentials-2-short-storm-blue,,,,,g,,,true,,,true,,,true,,,true,,,true,,,true,,,true,,,active
blur-essentials-2-0-twinset-storm-blue-iceberg-blue,,,,,,,,,S,,,,,,,,BLUE-ESS-STORM-BLUE-S,400.0,shopify,deny,manual,64.00,,true,true,,,,,,https://cdn.shopify.com/s/files/1/0578/9217/5895/files/TRAILBERG_2001267284_d731358f-97d3-4066-a209-eb7616d529fc.jpg?v=1771320237,2,"",,,,,,,,,,,,,,,,,,,,,,,,,,,,,,,,,,g,,,,,,,,,,,,,,,,,,,,,,,,
blur-essentials-2-0-twinset-storm-blue-iceberg-blue,,,,,,,,,M,,,,,,,,BLUE-ESS-STORM-BLUE-M,400.0,shopify,deny,manual,64.00,,true,true,,,,,,https://cdn.shopify.com/s/files/1/0578/9217/5895/files/TRAILBERG_2001267289_9f47b6ba-519e-4c99-bd3d-6b2d74fa2bdd.jpg?v=1769792521,3,"",,,,,,,,,,,,,,,,,,,,,,,,,,,,,,,,,,g,,,,,,,,,,,,,,,,,,,,,,,,
blur-essentials-2-0-twinset-storm-blue-iceberg-blue,,,,,,,,,L,,,,,,,,BLUE-ESS-STORM-BLUE-L,400.0,shopify,deny,manual,64.00,,true,true,,,,,,https://cdn.shopify.com/s/files/1/0578/9217/5895/files/TRAILBERG_2001267287_2f977dd0-5ca3-4807-be33-8633fd36c237.jpg?v=1769792521,4,"",,,,,,,,,,,,,,,,,,,,,,,,,,,,,,,,,,g,,,,,,,,,,,,,,,,,,,,,,,,
blur-essentials-2-0-twinset-storm-blue-iceberg-blue,,,,,,,,,XL,,,,,,,,BLUE-ESS-STORM-BLUE-XL,400.0,shopify,deny,manual,64.00,,true,true,,,,,,https://cdn.shopify.com/s/files/1/0578/9217/5895/files/TRAILBERG_2001267285.jpg?v=1769792521,5,"",,,,,,,,,,,,,,,,,,,,,,,,,,,,,,,,,,g,,,,,,,,,,,,,,,,,,,,,,,,
blur-essentials-2-0-twinset-storm-blue-iceberg-blue,,,,,,,,,XXL,,,,,,,,BLUE-ESS-STORM-BLUE-XXL,400.0,shopify,deny,manual,64.00,,true,true,,,,,,,,,,,,,,,,,,,,,,,,,,,,,,,,,,,,,,,,,,g,,,,,,,,,,,,,,,,,,,,,,,,
blur-essentials-2-0-twinset-pebblestone,Blur Essentials 2.0 Twinset - Pebblestone,"<p data-start=""93"" data-end=""356"">The Trailberg Blur Twinset pairs the bold Blur Large Logo Tee with the versatile Essentials 2.0 Short for an easy, everyday active look. Built for comfort, movement and simple styling, this matching set works for training, travel or laid‑back off‑duty wear.</p>
<ul>
<li data-start=""360"" data-end=""425"">Relaxed, statement tee with large logo for strong visual impact</li>
<li data-start=""428"" data-end=""491"">Lightweight, performance‑oriented shorts for all‑day movement</li>
<li data-start=""494"" data-end=""557"">A single set that’s ready for gym, casual runs, or weekend wear</li>
</ul>
<p data-start=""559"" data-end=""680"" data-is-last-node="""" data-is-only-node="""">This set comprises of the Blur Large Logo Tee and the Essentials 2.0 Shorts</p>",Trailberg,Apparel & Accessories > Clothing > Outfit Sets,TWINSETS,"2026Q1, badge_EXCLUSIVE, BESTSELLER, BUNDLE, BUNDLES, Connell, NEW IN, New In Test, Nosto New In Test, Peak, Runners, RUNNING, RUNNING AND TRAINING, SET, SETS, test bundles",true,Size,XS,,,,,,,,BLUR-ESS-MOCHA-XS,400.0,shopify,deny,manual,64.00,,true,true,,,,,,https://cdn.shopify.com/s/files/1/0578/9217/5895/files/TRAILBERG_2001267423_a2575798-57be-447a-bfe9-dd4ab7233590.jpg?v=1771320229,1,"",false,,,,,,blur-large-logo-tee-pebblestone; essentials-2-short-mocha,,,,,,https://cdn.shopify.com/s/files/1/0578/9217/5895/files/pale_taupe.png?v=1752156425,blur-essentials-2-0-twinset-pebblestone; blur-essentials-2-0-twinset-storm-blue-iceberg-blue; blur-essentials-2-0-twinset-frosted-denim,,,,,,,,,,,,,,,blur-large-logo-tee-pebblestone; essentials-2-short-mocha,,,,,g,,,true,,,true,,,true,,,true,,,true,,,true,,,true,,,active
blur-essentials-2-0-twinset-pebblestone,,,,,,,,,S,,,,,,,,BLUR-ESS-MOCHA-S,400.0,shopify,deny,manual,64.00,,true,true,,,,,,https://cdn.shopify.com/s/files/1/0578/9217/5895/files/TRAILBERG_2001267430_08e141f4-0e75-47fa-b105-c9393ff3784c.jpg?v=1771320229,2,"",,,,,,,,,,,,,,,,,,,,,,,,,,,,,,,,,,g,,,,,,,,,,,,,,,,,,,,,,,,
blur-essentials-2-0-twinset-pebblestone,,,,,,,,,M,,,,,,,,BLUR-ESS-MOCHA-M,400.0,shopify,deny,manual,64.00,,true,true,,,,,,https://cdn.shopify.com/s/files/1/0578/9217/5895/files/TRAILBERG_2001267419_dd58b581-9ecb-4b10-8f50-7ea85dfc6941.jpg?v=1771320229,3,"",,,,,,,,,,,,,,,,,,,,,,,,,,,,,,,,,,g,,,,,,,,,,,,,,,,,,,,,,,,
blur-essentials-2-0-twinset-pebblestone,,,,,,,,,L,,,,,,,,BLUR-ESS-MOCHA-L,400.0,shopify,deny,manual,64.00,,true,true,,,,,,https://cdn.shopify.com/s/files/1/0578/9217/5895/files/TRAILBERG_2001267421_7dda293e-4af0-4d5e-b41d-dc7f22675d88.jpg?v=1771320229,4,"",,,,,,,,,,,,,,,,,,,,,,,,,,,,,,,,,,g,,,,,,,,,,,,,,,,,,,,,,,,
blur-essentials-2-0-twinset-pebblestone,,,,,,,,,XL,,,,,,,,BLUR-ESS-MOCHA-XL,400.0,shopify,deny,manual,64.00,,true,true,,,,,,https://cdn.shopify.com/s/files/1/0578/9217/5895/files/TRAILBERG_2001267422_7b91dc76-8b77-4415-a9f1-b1f0b95e6508.jpg?v=1771320229,5,"",,,,,,,,,,,,,,,,,,,,,,,,,,,,,,,,,,g,,,,,,,,,,,,,,,,,,,,,,,,
blur-essentials-2-0-twinset-pebblestone,,,,,,,,,XXL,,,,,,,,BLUR-ESS-MOCHA-XXL,400.0,shopify,deny,manual,64.00,,true,true,,,,,,https://cdn.shopify.com/s/files/1/0578/9217/5895/files/TRAILBERG_2001267424_b0ac05cd-05d0-4170-8666-70db4d7cf85f.jpg?v=1769792573,6,"",,,,,,,,,,,,,,,,,,,,,,,,,,,,,,,,,,g,,,,,,,,,,,,,,,,,,,,,,,,
blur-essentials-2-0-twinset-pebblestone,,,,,,,,,,,,,,,,,,,,,,,,,,,,,,,https://cdn.shopify.com/s/files/1/0578/9217/5895/files/TRAILBERG_2001267425_63f0beb9-d6a4-4920-9299-ac9b0123bc3e.jpg?v=1769792573,7,"",,,,,,,,,,,,,,,,,,,,,,,,,,,,,,,,,,,,,,,,,,,,,,,,,,,,,,,,,,
blur-essentials-2-0-twinset-pebblestone,,,,,,,,,,,,,,,,,,,,,,,,,,,,,,,https://cdn.shopify.com/s/files/1/0578/9217/5895/files/TRAILBERG_2001267428_f1f0f23a-8523-407a-ba70-ae354199e7bd.jpg?v=1769792573,8,"",,,,,,,,,,,,,,,,,,,,,,,,,,,,,,,,,,,,,,,,,,,,,,,,,,,,,,,,,,
blur-essentials-2-0-twinset-frosted-denim,Blur Essentials 2.0 Twinset - Frosted Denim,"<p data-start=""93"" data-end=""356"">The Trailberg Blur Twinset pairs the bold Blur Large Logo Tee with the versatile Essentials 2.0 Short for an easy, everyday active look. Built for comfort, movement and simple styling, this matching set works for training, travel or laid‑back off‑duty wear.</p>
<ul>
<li data-start=""360"" data-end=""425"">Relaxed, statement tee with large logo for strong visual impact</li>
<li data-start=""428"" data-end=""491"">Lightweight, performance‑oriented shorts for all‑day movement</li>
<li data-start=""494"" data-end=""557"">A single set that’s ready for gym, casual runs, or weekend wear</li>
</ul>
<p data-start=""559"" data-end=""680"" data-is-last-node="""" data-is-only-node="""">This set comprises of the Blur Large Logo Tee and the Essentials 2.0 Shorts</p>",Trailberg,Apparel & Accessories > Clothing > Outfit Sets,TWINSETS,"2026Q1, badge_EXCLUSIVE, BUNDLE, BUNDLES, Connell, New In Test, Peak, Runners, RUNNING, SET, SETS, test bundles",true,Size,XS,,,,,,,,BLUR-ESS-DENIM-XS,400.0,shopify,deny,manual,64.00,,true,true,,,,,,https://cdn.shopify.com/s/files/1/0578/9217/5895/files/TRAILBERG_2001267602_92709a1d-e1e1-4461-8601-a0004c3a7511.jpg?v=1771320219,1,"",false,,,,,,blur-large-logo-tee-frosted-denim; essentials-2-short-frosted-denim,,,,,,https://cdn.shopify.com/s/files/1/0578/9217/5895/files/FROSTED_DENIM.png?v=1772037108,blur-essentials-2-0-twinset-pebblestone; blur-essentials-2-0-twinset-storm-blue-iceberg-blue; blur-essentials-2-0-twinset-frosted-denim,,,,,,,,,,,,,,,blur-large-logo-tee-frosted-denim; essentials-2-short-frosted-denim,,,,,g,,,true,,,true,,,true,,,true,,,true,,,true,,,true,,,active
blur-essentials-2-0-twinset-frosted-denim,,,,,,,,,S,,,,,,,,BLUR-ESS-DENIM-S,400.0,shopify,deny,manual,64.00,,true,true,,,,,,https://cdn.shopify.com/s/files/1/0578/9217/5895/files/TRAILBERG_2001267610_f717634f-e0c1-40f4-b960-412937da6482.jpg?v=1771320219,2,"",,,,,,,,,,,,,,,,,,,,,,,,,,,,,,,,,,g,,,,,,,,,,,,,,,,,,,,,,,,
blur-essentials-2-0-twinset-frosted-denim,,,,,,,,,M,,,,,,,,BLUR-ESS-DENIM-M,400.0,shopify,deny,manual,64.00,,true,true,,,,,,https://cdn.shopify.com/s/files/1/0578/9217/5895/files/TRAILBERG_2001267598_b783c401-e99d-466b-bcb8-829ea90ff389.jpg?v=1771320219,3,"",,,,,,,,,,,,,,,,,,,,,,,,,,,,,,,,,,g,,,,,,,,,,,,,,,,,,,,,,,,
blur-essentials-2-0-twinset-frosted-denim,,,,,,,,,L,,,,,,,,BLUR-ESS-DENIM-L,400.0,shopify,deny,manual,64.00,,true,true,,,,,,https://cdn.shopify.com/s/files/1/0578/9217/5895/files/TRAILBERG_2001267600_96087609-35c4-4d6e-b2e0-5343e247a20f.jpg?v=1771320219,4,"",,,,,,,,,,,,,,,,,,,,,,,,,,,,,,,,,,g,,,,,,,,,,,,,,,,,,,,,,,,
blur-essentials-2-0-twinset-frosted-denim,,,,,,,,,XL,,,,,,,,BLUR-ESS-DENIM-XL,400.0,shopify,deny,manual,64.00,,true,true,,,,,,https://cdn.shopify.com/s/files/1/0578/9217/5895/files/TRAILBERG_2001267603_558c02fa-fd29-46b0-85a6-c21224c6a632.jpg?v=1771320219,5,"",,,,,,,,,,,,,,,,,,,,,,,,,,,,,,,,,,g,,,,,,,,,,,,,,,,,,,,,,,,
blur-essentials-2-0-twinset-frosted-denim,,,,,,,,,XXL,,,,,,,,BLUR-ESS-DENIM-XXL,400.0,shopify,deny,manual,64.00,,true,true,,,,,,https://cdn.shopify.com/s/files/1/0578/9217/5895/files/TRAILBERG_2001267604_34e3e267-7b80-4e31-abfb-486da28b833f.jpg?v=1769792619,6,"",,,,,,,,,,,,,,,,,,,,,,,,,,,,,,,,,,g,,,,,,,,,,,,,,,,,,,,,,,,
blur-essentials-2-0-twinset-frosted-denim,,,,,,,,,,,,,,,,,,,,,,,,,,,,,,,https://cdn.shopify.com/s/files/1/0578/9217/5895/files/TRAILBERG_2001267605_7c003cd4-9be9-4136-bde0-a37af6be2cf3.jpg?v=1769792619,7,"",,,,,,,,,,,,,,,,,,,,,,,,,,,,,,,,,,,,,,,,,,,,,,,,,,,,,,,,,,
blur-essentials-2-0-twinset-frosted-denim,,,,,,,,,,,,,,,,,,,,,,,,,,,,,,,https://cdn.shopify.com/s/files/1/0578/9217/5895/files/TRAILBERG_2001267607_40c9f555-4dcc-41d2-845f-d32fa5cf7288.jpg?v=1769792619,8,"",,,,,,,,,,,,,,,,,,,,,,,,,,,,,,,,,,,,,,,,,,,,,,,,,,,,,,,,,,
blur-essentials-2-0-twinset-frosted-denim,,,,,,,,,,,,,,,,,,,,,,,,,,,,,,,https://cdn.shopify.com/s/files/1/0578/9217/5895/files/TRAILBERG_2001267608.jpg?v=1769792619,9,"",,,,,,,,,,,,,,,,,,,,,,,,,,,,,,,,,,,,,,,,,,,,,,,,,,,,,,,,,,
nucleus-outdoor-essentials-2-0-twinset-polar-breeze-storm-blue,Nucleus Outdoor Essentials 2.0 Twinset - Polar Breeze/Storm Blue,"<p>The Trailberg Nucleus Twinset combines the performance-ready Nucleus Outdoor Tee with the Essentials Shorts for a versatile, everyday active set. Designed for comfort and ease of movement, this twinset delivers a clean outdoor look that works for training in any environment. </p>
<p>This set comprises of the Nucleus Outdoor Tee and the Essentials 2.0 Short. </p>",Trailberg,Apparel & Accessories > Clothing > Outfit Sets,TWINSETS,"2026Q1, badge_EXCLUSIVE, BUNDLE, BUNDLES, Connell, NEW IN, Peak, Runners, RUNNING, SET, SETS",true,Size,XS,,,,,,,,BLUR-ESS-DENIM-XS,400.0,shopify,deny,manual,67.00,,true,true,,,,,,https://cdn.shopify.com/s/files/1/0578/9217/5895/files/TRAILBERG_2001267663_c5848763-f189-41e6-9afa-bc351e999311.jpg?v=1772030600,1,"",false,,,,,,nucleus-outdoor-tee-blue; essentials-2-short-storm-blue,,,,,,https://cdn.shopify.com/s/files/1/0578/9217/5895/files/FROSTED_DENIM.png?v=1772037108,,,,,,,,,,,,,,,,nucleus-outdoor-tee-blue; essentials-2-short-storm-blue,,,,,g,,,true,,,true,,,true,,,true,,,true,,,true,,,true,,,active
nucleus-outdoor-essentials-2-0-twinset-polar-breeze-storm-blue,,,,,,,,,S,,,,,,,,BLUR-ESS-DENIM-S,400.0,shopify,deny,manual,67.00,,true,true,,,,,,https://cdn.shopify.com/s/files/1/0578/9217/5895/files/TRAILBERG_2001267662_db4e75a9-f058-4ada-92b8-fceb5f21818e.jpg?v=1772030600,2,"",,,,,,,,,,,,,,,,,,,,,,,,,,,,,,,,,,g,,,,,,,,,,,,,,,,,,,,,,,,
nucleus-outdoor-essentials-2-0-twinset-polar-breeze-storm-blue,,,,,,,,,M,,,,,,,,BLUR-ESS-DENIM-M,400.0,shopify,deny,manual,67.00,,true,true,,,,,,https://cdn.shopify.com/s/files/1/0578/9217/5895/files/TRAILBERG_2001267656_b71701dc-6cf3-4a79-ab3f-7048752d354a.jpg?v=1772030600,3,"",,,,,,,,,,,,,,,,,,,,,,,,,,,,,,,,,,g,,,,,,,,,,,,,,,,,,,,,,,,
nucleus-outdoor-essentials-2-0-twinset-polar-breeze-storm-blue,,,,,,,,,L,,,,,,,,BLUR-ESS-DENIM-L,400.0,shopify,deny,manual,67.00,,true,true,,,,,,https://cdn.shopify.com/s/files/1/0578/9217/5895/files/TRAILBERG_2001267658_1b8c3598-bf60-48ce-a458-59726c66491e.jpg?v=1772030600,4,"",,,,,,,,,,,,,,,,,,,,,,,,,,,,,,,,,,g,,,,,,,,,,,,,,,,,,,,,,,,
nucleus-outdoor-essentials-2-0-twinset-polar-breeze-storm-blue,,,,,,,,,XL,,,,,,,,BLUR-ESS-DENIM-XL,400.0,shopify,deny,manual,67.00,,true,true,,,,,,https://cdn.shopify.com/s/files/1/0578/9217/5895/files/TRAILBERG_2001267664_8d1bc026-a10d-461d-82c5-a0015603a0ed.jpg?v=1769792880,5,"",,,,,,,,,,,,,,,,,,,,,,,,,,,,,,,,,,g,,,,,,,,,,,,,,,,,,,,,,,,
nucleus-outdoor-essentials-2-0-twinset-polar-breeze-storm-blue,,,,,,,,,XXL,,,,,,,,BLUR-ESS-DENIM-XXL,400.0,shopify,deny,manual,67.00,,true,true,,,,,,https://cdn.shopify.com/s/files/1/0578/9217/5895/files/TRAILBERG_2001267267_fd55bf9b-7cd1-415b-8dfa-1e2ad6122d87.jpg?v=1769792164,6,"",,,,,,,,,,,,,,,,,,,,,,,,,,,,,,,,,,g,,,,,,,,,,,,,,,,,,,,,,,,
nucleus-outdoor-essentials-2-0-twinset-polar-breeze-storm-blue,,,,,,,,,,,,,,,,,,,,,,,,,,,,,,,https://cdn.shopify.com/s/files/1/0578/9217/5895/files/TRAILBERG_2001267270_ff575450-dc4a-4250-bafc-1f9b5366e6eb.jpg?v=1769792164,7,"",,,,,,,,,,,,,,,,,,,,,,,,,,,,,,,,,,,,,,,,,,,,,,,,,,,,,,,,,,
nucleus-outdoor-essentials-2-0-twinset-polar-breeze-storm-blue,,,,,,,,,,,,,,,,,,,,,,,,,,,,,,,https://cdn.shopify.com/s/files/1/0578/9217/5895/files/TRAILBERG_2001267274.jpg?v=1769792163,8,"",,,,,,,,,,,,,,,,,,,,,,,,,,,,,,,,,,,,,,,,,,,,,,,,,,,,,,,,,,
boys-interval-t-shirt-dove-blue,Boys Interval Tee - Dove Blue,"<p data-start=""190"" data-end=""489"">Designed for lightweight everyday wear, the Boys Interval Tee in Dove Blue features a dual-sided polyester construction for a clean finish and comfortable feel. Reflective detailing across the shoulders and branding adds a technical edge, while premium trims at the neckline ensure all-day comfort.</p>
<p data-start=""491"" data-end=""561"">A versatile tee that blends Trailberg style with functional detailing.</p>
<p data-start=""563"" data-end=""580"">Key Features:</p>
<ul>
<li data-start=""583"" data-end=""619"">Lightweight polyester construction</li>
<li data-start=""622"" data-end=""660"">Dual-sided fabric for a clean finish</li>
<li data-start=""663"" data-end=""700"">Reflective shoulder strip detailing</li>
<li data-start=""703"" data-end=""752"">Reflective Trailberg branding to front and back</li>
<li data-start=""755"" data-end=""797"">Branded back neck tape <br>
</li>
</ul>
<p data-start=""843"" data-end=""868"">Material Composition:</p>
<ul data-start=""869"" data-end=""887"">
<li data-start=""869"" data-end=""887"">
<p data-start=""871"" data-end=""887"">100% Polyester</p>
</li>
</ul>
<h3 data-start=""889"" data-end=""906"">Sizing &amp; Fit:</h3>
<ul>
<li data-start=""907"" data-end=""950"">Model is 4ft10 (152cm) and wears L/B. </li>
</ul>",Trailberg,Apparel & Accessories,BOYS T-SHIRTS,"2026Q1, Boys' T Shirts and Fleeces, BOYSQ1, NEW IN",true,Size,XS/B,,,,,,,,TBJTS011-209-XS/B,200.0,shopify,deny,manual,28.00,,true,false,,,,,'5056859116190,https://cdn.shopify.com/s/files/1/0578/9217/5895/files/TRAILBERG_KIDS_2601269148.jpg?v=1770715436,1,"",false,,,,,,,Blue,,,,,https://cdn.shopify.com/s/files/1/0578/9217/5895/files/breeeze.png?v=1752157048,boys-interval-t-shirt-black; boys-interval-t-shirt-dove-blue,,,,,,,,,,,,,,,,,,,,g,,,true,,,true,,,true,,,true,,,true,,,true,,,true,,,active
boys-interval-t-shirt-dove-blue,,,,,,,,,S/B,,,,,,,,TBJTS011-209-S/B,200.0,shopify,deny,manual,28.00,,true,false,,,,,'5056859116206,https://cdn.shopify.com/s/files/1/0578/9217/5895/files/TRAILBERG_KIDS_2601269147.jpg?v=1770715436,2,"",,,,,,,,,,,,,,,,,,,,,,,,,,,,,,,,,,g,,,,,,,,,,,,,,,,,,,,,,,,
boys-interval-t-shirt-dove-blue,,,,,,,,,M/B,,,,,,,,TBJTS011-209-M/B,200.0,shopify,deny,manual,28.00,,true,false,,,,,'5056859116213,https://cdn.shopify.com/s/files/1/0578/9217/5895/files/TRAILBERG_KIDS_2601269143.jpg?v=1770715436,3,"",,,,,,,,,,,,,,,,,,,,,,,,,,,,,,,,,,g,,,,,,,,,,,,,,,,,,,,,,,,
boys-interval-t-shirt-dove-blue,,,,,,,,,L/B,,,,,,,,TBJTS011-209-L/B,200.0,shopify,deny,manual,28.00,,true,false,,,,,'5056859116220,https://cdn.shopify.com/s/files/1/0578/9217/5895/files/TRAILBERG_KIDS_2601269145.jpg?v=1770715436,4,"",,,,,,,,,,,,,,,,,,,,,,,,,,,,,,,,,,g,,,,,,,,,,,,,,,,,,,,,,,,
boys-interval-t-shirt-dove-blue,,,,,,,,,XL/B,,,,,,,,TBJTS011-209-XL/B,200.0,shopify,deny,manual,28.00,,true,true,,,,,'5056859116237,https://cdn.shopify.com/s/files/1/0578/9217/5895/files/TRAILBERG_KIDS_2601269146.jpg?v=1770715436,5,"",,,,,,,,,,,,,,,,,,,,,,,,,,,,,,,,,,g,,,,,,,,,,,,,,,,,,,,,,,,
boys-dimension-t-shirt-dove-blue-washed-indigo,Boys Dimension Tee - Dove Blue / Washed Indigo,"<p data-start=""232"" data-end=""551"">Designed for lightweight comfort with a technical finish, the Trailberg Boys Dimension T-Shirt<strong data-start=""294"" data-end=""330""> </strong> is constructed from a smooth single jersey fabric with mechanical stretch for easy everyday wear. Finished with an all-over digital print and reflective Trailberg branding, it delivers a bold look with premium detailing.</p>
<p data-start=""553"" data-end=""621"">A clean neckline and soft-touch trims complete this versatile layer.</p>
<p data-start=""623"" data-end=""640"">Key Features:</p>
<ul>
<li data-start=""643"" data-end=""701"">Lightweight single jersey fabric with mechanical stretch</li>
<li data-start=""704"" data-end=""735"">All-over digital print design</li>
<li data-start=""738"" data-end=""787"">Reflective Trailberg branding to front and back</li>
<li data-start=""790"" data-end=""832"">Branded back neck tape for added comfort</li>
<li data-start=""835"" data-end=""886"">Heat-transfer back neck label for a smooth finish</li>
</ul>
<p data-start=""888"" data-end=""913"">Material Composition:</p>
<ul data-start=""914"" data-end=""945"">
<li data-start=""914"" data-end=""945"">
<p data-start=""916"" data-end=""945"">90% Polyester, 10% Elastane</p>
</li>
</ul>
<h3 data-start=""947"" data-end=""964"">Sizing &amp; Fit:</h3>
<ul>
<li data-start=""965"" data-end=""1008"">Model is 4ft10 (152cm) and wears L/B.</li>
</ul>",Trailberg,Apparel & Accessories > Clothing > Clothing Tops > T-Shirts,BOYS T-SHIRTS,"2026Q1, Boys Sets, Boys' T Shirts and Fleeces, BOYSQ1, NEW IN",true,Size,xs-b,product.metafields.shopify.size,,,,,,,TBJTS005-395-XS/B,200.0,shopify,deny,manual,28.00,,true,false,,,,,'5056859116343,https://cdn.shopify.com/s/files/1/0578/9217/5895/files/TRAILBERG_KIDS_2601269078.jpg?v=1770369785,1,"",false,,,,,,,,,,,,https://cdn.shopify.com/s/files/1/0578/9217/5895/files/breeeze.png?v=1752157048,boys-dimension-t-shirt-dove-blue-washed-indigo; boys-dimension-t-shirt-navy-blue-mystic-ocean,,,,,,,,,navy; blue,,,xs-b; s-b; m-b; l-b; xl-b,,,boys-dimension-windbreaker-cloud-haze-dove-blue-washed-indigo; boys-dimension-short-cloud-haze,,,,,g,,,true,,,true,,,true,,,true,,,true,,,true,,,true,,,active
boys-dimension-t-shirt-dove-blue-washed-indigo,,,,,,,,,s-b,,,,,,,,TBJTS005-395-S/B,200.0,shopify,deny,manual,28.00,,true,false,,,,,'5056859116350,https://cdn.shopify.com/s/files/1/0578/9217/5895/files/TRAILBERG_KIDS_2601269072.jpg?v=1770369785,2,"",,,,,,,,,,,,,,,,,,,,,,,,,,,,,,,,,,g,,,,,,,,,,,,,,,,,,,,,,,,
boys-dimension-t-shirt-dove-blue-washed-indigo,,,,,,,,,m-b,,,,,,,,TBJTS005-395-M/B,200.0,shopify,deny,manual,28.00,,true,false,,,,,'5056859116367,https://cdn.shopify.com/s/files/1/0578/9217/5895/files/TRAILBERG_KIDS_2601269075.jpg?v=1770369793,3,"",,,,,,,,,,,,,,,,,,,,,,,,,,,,,,,,,,g,,,,,,,,,,,,,,,,,,,,,,,,
boys-dimension-t-shirt-dove-blue-washed-indigo,,,,,,,,,l-b,,,,,,,,TBJTS005-395-L/B,200.0,shopify,deny,manual,28.00,,true,false,,,,,'5056859116374,https://cdn.shopify.com/s/files/1/0578/9217/5895/files/TRAILBERG_KIDS_2601269073.jpg?v=1770369793,4,"",,,,,,,,,,,,,,,,,,,,,,,,,,,,,,,,,,g,,,,,,,,,,,,,,,,,,,,,,,,
boys-dimension-t-shirt-dove-blue-washed-indigo,,,,,,,,,xl-b,,,,,,,,TBJTS005-395-XL/B,200.0,shopify,deny,manual,28.00,,true,true,,,,,'5056859116381,https://cdn.shopify.com/s/files/1/0578/9217/5895/files/TRAILBERG_KIDS_2601269074.jpg?v=1770369793,5,"",,,,,,,,,,,,,,,,,,,,,,,,,,,,,,,,,,g,,,,,,,,,,,,,,,,,,,,,,,,
boys-dimension-t-shirt-navy-blue-mystic-ocean,Boys Dimension Tee - Navy Blue / Mystic Ocean,"<p data-start=""232"" data-end=""551"">Designed for lightweight comfort with a technical finish, the <strong data-start=""294"" data-end=""330"">Trailberg Boys Dimension T-Shirt</strong> is constructed from a smooth single jersey fabric with mechanical stretch for easy everyday wear. Finished with an all-over digital print and reflective Trailberg branding, it delivers a bold look with premium detailing.</p>
<p data-start=""553"" data-end=""621"">A clean neckline and soft-touch trims complete this versatile layer.</p>
<h3 data-start=""623"" data-end=""640"">Key Features:</h3>
<ul>
<li data-start=""643"" data-end=""701"">Lightweight single jersey fabric with mechanical stretch</li>
<li data-start=""704"" data-end=""735"">All-over digital print design</li>
<li data-start=""738"" data-end=""787"">Reflective Trailberg branding to front and back</li>
<li data-start=""790"" data-end=""832"">Branded back neck tape for added comfort</li>
<li data-start=""835"" data-end=""886"">Heat-transfer back neck label for a smooth finish</li>
</ul>
<h3 data-start=""888"" data-end=""913"">Material Composition:</h3>
<ul data-start=""914"" data-end=""945"">
<li data-start=""914"" data-end=""945"">
<p data-start=""916"" data-end=""945"">90% Polyester, 10% Elastane</p>
</li>
</ul>
<h3 data-start=""947"" data-end=""964"">Sizing &amp; Fit:</h3>
<ul>
<li data-start=""965"" data-end=""1008"">Model is 4ft10 (152cm) and wears L/B.</li>
</ul>",Trailberg,Apparel & Accessories > Clothing > Clothing Tops > T-Shirts,BOYS T-SHIRTS,"2026Q1, Boys Sets, Boys' T Shirts and Fleeces, BOYSQ1, NEW IN",true,Size,xs-b,product.metafields.shopify.size,,,,,,,TBJTS005-404-XS/B,200.0,shopify,deny,manual,28.00,,true,false,,,,,'5056859116398,https://cdn.shopify.com/s/files/1/0578/9217/5895/files/TRAILBERG_KIDS_2601269047_a2df8046-d8e7-4784-b208-a57e9ac19425.jpg?v=1770369599,1,"",false,,,,,,,,,,,,https://cdn.shopify.com/s/files/1/0578/9217/5895/files/BLACK_IRISNAVY.png?v=1751895153,boys-dimension-t-shirt-navy-blue-mystic-ocean; boys-dimension-t-shirt-dove-blue-washed-indigo,,,,,,,,,navy,,,xs-b; s-b; m-b; l-b; xl-b,,,boys-dimension-short-navy-blue; boys-dimension-windbreaker-navy-mystic-ocean,,,,,g,,,true,,,true,,,true,,,true,,,true,,,true,,,true,,,active
boys-dimension-t-shirt-navy-blue-mystic-ocean,,,,,,,,,s-b,,,,,,,,TBJTS005-404-S/B,200.0,shopify,deny,manual,28.00,,true,false,,,,,'5056859116404,https://cdn.shopify.com/s/files/1/0578/9217/5895/files/TRAILBERG_KIDS_2601269041_a64b8e20-f3f5-47cb-8614-01837911026b.jpg?v=1770369613,2,"",,,,,,,,,,,,,,,,,,,,,,,,,,,,,,,,,,g,,,,,,,,,,,,,,,,,,,,,,,,
boys-dimension-t-shirt-navy-blue-mystic-ocean,,,,,,,,,m-b,,,,,,,,TBJTS005-404-M/B,200.0,shopify,deny,manual,28.00,,true,false,,,,,'5056859116411,https://cdn.shopify.com/s/files/1/0578/9217/5895/files/TRAILBERG_KIDS_2601269045_7a54250d-8078-4e49-bbf3-b242333f8ae0.jpg?v=1770369613,3,"",,,,,,,,,,,,,,,,,,,,,,,,,,,,,,,,,,g,,,,,,,,,,,,,,,,,,,,,,,,
boys-dimension-t-shirt-navy-blue-mystic-ocean,,,,,,,,,l-b,,,,,,,,TBJTS005-404-L/B,200.0,shopify,deny,manual,28.00,,true,false,,,,,'5056859116428,https://cdn.shopify.com/s/files/1/0578/9217/5895/files/TRAILBERG_KIDS_2601269042_6b883c3a-48b5-402c-8b8d-872b5352d695.jpg?v=1770369613,4,"",,,,,,,,,,,,,,,,,,,,,,,,,,,,,,,,,,g,,,,,,,,,,,,,,,,,,,,,,,,
boys-dimension-t-shirt-navy-blue-mystic-ocean,,,,,,,,,xl-b,,,,,,,,TBJTS005-404-XL/B,200.0,shopify,deny,manual,28.00,,true,true,,,,,'5056859116435,https://cdn.shopify.com/s/files/1/0578/9217/5895/files/TRAILBERG_KIDS_2601269044_5bf8b99d-6c61-4077-9bc2-226f5cd29fcf.jpg?v=1770369613,5,"",,,,,,,,,,,,,,,,,,,,,,,,,,,,,,,,,,g,,,,,,,,,,,,,,,,,,,,,,,,
boys-dimension-windbreaker-cloud-haze-dove-blue-washed-indigo,Boys Dimension Windbreaker - Cloud Haze/Dove Blue/Washed Indigo,"<p data-start=""313"" data-end=""659"">Designed for lightweight coverage with a technical edge, the <strong data-start=""374"" data-end=""414"">Trailberg Boys Dimension Windbreaker</strong> combines a durable outer shell with stretch panels for added comfort and ease of wear. Featuring an all-over digital print and reflective detailing throughout, this windbreaker delivers a bold Trailberg look with functional everyday protection.</p>
<p data-start=""661"" data-end=""770"">Finished with secure zip pockets and elasticated cuffs, it’s a versatile layer built for changing conditions.</p>
<h3 data-start=""772"" data-end=""789"">Key Features:</h3>
<ul>
<li data-start=""792"" data-end=""849"">Lightweight polyester shell with all-over digital print</li>
<li data-start=""852"" data-end=""908"">4-way stretch panels for added comfort and flexibility</li>
<li data-start=""911"" data-end=""960"">Full zip fastening with branded lockable puller</li>
<li data-start=""963"" data-end=""1005"">Secure zip hand pockets and chest pocket</li>
<li data-start=""1008"" data-end=""1044"">Elasticated cuffs for a secure fit</li>
<li data-start=""1047"" data-end=""1103"">Reflective Trailberg branding and detailing throughout</li>
<li data-start=""1106"" data-end=""1160"">Branded internal neck tape and woven back neck label</li>
</ul>
<h3 data-start=""1162"" data-end=""1187"">Material Composition:</h3>
<ul>
<li data-start=""1190"" data-end=""1219"">Main Panels: 100% Polyester</li>
<li data-start=""1222"" data-end=""1267"">Stretch Panels: 90% Polyester, 10% Elastane</li>
</ul>
<h3 data-start=""1269"" data-end=""1286"">Sizing &amp; Fit:</h3>
<ul>
<li>Model is 4ft10 (152cm) and wears <span> L/B. </span>
</li>
</ul>",Trailberg,Apparel & Accessories > Clothing > Outerwear > Coats & Jackets > Windbreakers,BOYS WEATHER JACKETS,"Boys Coats and Light Jackets, Boys Sets, BOYSQ1, new, NEW IN",true,Size,xs-b,product.metafields.shopify.size,,,,,,,TBJWB002-393-XS/B,300.0,shopify,deny,manual,60.00,,true,false,,,,,'5056859116244,https://cdn.shopify.com/s/files/1/0578/9217/5895/files/TRAILBERG_KIDS_2601269053.jpg?v=1770368657,1,"",false,,,,,,,,,,,,https://cdn.shopify.com/s/files/1/0578/9217/5895/files/breeeze.png?v=1752157048,boys-dimension-windbreaker-cloud-haze-dove-blue-washed-indigo; boys-dimension-windbreaker-navy-mystic-ocean,,,,,,,,,blue,,,xs-b; s-b; m-b; l-b; xl-b,,,boys-dimension-t-shirt-dove-blue-washed-indigo; boys-dimension-short-cloud-haze,,,,,g,,,true,,,true,,,true,,,true,,,true,,,true,,,true,,,active
boys-dimension-windbreaker-cloud-haze-dove-blue-washed-indigo,,,,,,,,,s-b,,,,,,,,TBJWB002-393-S/B,300.0,shopify,deny,manual,60.00,,true,false,,,,,'5056859116251,https://cdn.shopify.com/s/files/1/0578/9217/5895/files/TRAILBERG_KIDS_2601269048_24181836-3aa2-434f-9cf2-2f133e4a1091.jpg?v=1770368657,2,"",,,,,,,,,,,,,,,,,,,,,,,,,,,,,,,,,,g,,,,,,,,,,,,,,,,,,,,,,,,
boys-dimension-windbreaker-cloud-haze-dove-blue-washed-indigo,,,,,,,,,m-b,,,,,,,,TBJWB002-393-M/B,300.0,shopify,deny,manual,60.00,,true,false,,,,,'5056859116268,https://cdn.shopify.com/s/files/1/0578/9217/5895/files/TRAILBERG_KIDS_2601269067.jpg?v=1770368657,3,"",,,,,,,,,,,,,,,,,,,,,,,,,,,,,,,,,,g,,,,,,,,,,,,,,,,,,,,,,,,
boys-dimension-windbreaker-cloud-haze-dove-blue-washed-indigo,,,,,,,,,l-b,,,,,,,,TBJWB002-393-L/B,300.0,shopify,deny,manual,60.00,,true,false,,,,,'5056859116275,https://cdn.shopify.com/s/files/1/0578/9217/5895/files/TRAILBERG_KIDS_2601269052.jpg?v=1770368657,4,"",,,,,,,,,,,,,,,,,,,,,,,,,,,,,,,,,,g,,,,,,,,,,,,,,,,,,,,,,,,
boys-dimension-windbreaker-cloud-haze-dove-blue-washed-indigo,,,,,,,,,xl-b,,,,,,,,TBJWB002-393-XL/B,300.0,shopify,deny,manual,60.00,,true,true,,,,,'5056859116282,https://cdn.shopify.com/s/files/1/0578/9217/5895/files/TRAILBERG_KIDS_2601269054.jpg?v=1770368657,5,"",,,,,,,,,,,,,,,,,,,,,,,,,,,,,,,,,,g,,,,,,,,,,,,,,,,,,,,,,,,
boys-dimension-windbreaker-cloud-haze-dove-blue-washed-indigo,,,,,,,,,,,,,,,,,,,,,,,,,,,,,,,https://cdn.shopify.com/s/files/1/0578/9217/5895/files/TRAILBERG_KIDS_2601269055.jpg?v=1770368657,6,"",,,,,,,,,,,,,,,,,,,,,,,,,,,,,,,,,,,,,,,,,,,,,,,,,,,,,,,,,,
boys-dimension-windbreaker-cloud-haze-dove-blue-washed-indigo,,,,,,,,,,,,,,,,,,,,,,,,,,,,,,,https://cdn.shopify.com/s/files/1/0578/9217/5895/files/TRAILBERG_KIDS_2601269049_16980198-0cd8-45af-945f-69e1ddc29e9a.jpg?v=1770368657,7,"",,,,,,,,,,,,,,,,,,,,,,,,,,,,,,,,,,,,,,,,,,,,,,,,,,,,,,,,,,
boys-dimension-windbreaker-cloud-haze-dove-blue-washed-indigo,,,,,,,,,,,,,,,,,,,,,,,,,,,,,,,https://cdn.shopify.com/s/files/1/0578/9217/5895/files/TRAILBERG_KIDS_2601269050.jpg?v=1770368657,8,"",,,,,,,,,,,,,,,,,,,,,,,,,,,,,,,,,,,,,,,,,,,,,,,,,,,,,,,,,,
boys-dimension-windbreaker-navy-mystic-ocean,Boys Dimension Windbreaker - Navy / Mystic Ocean,"<p data-start=""313"" data-end=""659"">Designed for lightweight coverage with a technical edge, the Trailberg Boys Dimension Windbreaker  combines a durable outer shell with stretch panels for added comfort and ease of wear. Featuring an all-over digital print and reflective detailing throughout, this windbreaker delivers a bold Trailberg look with functional everyday protection.</p>
<p data-start=""661"" data-end=""770"">Finished with secure zip pockets and elasticated cuffs, it’s a versatile layer built for changing conditions.</p>
<p data-start=""772"" data-end=""789"">Key Features:</p>
<ul>
<li data-start=""792"" data-end=""849"">Lightweight polyester shell with all-over digital print</li>
<li data-start=""852"" data-end=""908"">4-way stretch panels for added comfort and flexibility</li>
<li data-start=""911"" data-end=""960"">Full zip fastening with branded lockable puller</li>
<li data-start=""963"" data-end=""1005"">Secure zip hand pockets and chest pocket</li>
<li data-start=""1008"" data-end=""1044"">Elasticated cuffs for a secure fit</li>
<li data-start=""1047"" data-end=""1103"">Reflective Trailberg branding and detailing throughout</li>
<li data-start=""1106"" data-end=""1160"">Branded internal neck tape and woven back neck label</li>
</ul>
<p data-start=""1162"" data-end=""1187"">Material Composition:</p>
<ul>
<li data-start=""1190"" data-end=""1219"">
<p>Main Panels: 100% Polyester</p>
</li>
<li data-start=""1222"" data-end=""1267"">
<p>Stretch Panels: 90% Polyester, 10% Elastane</p>
</li>
</ul>
<p data-start=""1269"" data-end=""1286"">Sizing &amp; Fit:</p>
<ul>
<li>Model is 4ft10 (152cm) and wears <span> L/B. </span>
</li>
</ul>",Trailberg,Apparel & Accessories > Clothing > Outerwear > Coats & Jackets > Windbreakers,BOYS WEATHER JACKETS,"Boys Coats and Light Jackets, Boys Sets, BOYSQ1, new, NEW IN",true,Size,xs-b,product.metafields.shopify.size,,,,,,,TBJWB002-404-XS/B,300.0,shopify,deny,manual,60.00,,true,false,,,,,'5056859116299,https://cdn.shopify.com/s/files/1/0578/9217/5895/files/TRAILBERG_KIDS_2601269031_e7086ac3-7eaf-4e31-8852-7f57e9e9fc0b.jpg?v=1770368714,1,"",false,,,,,,,,,,,,https://cdn.shopify.com/s/files/1/0578/9217/5895/files/BLACK_IRISNAVY.png?v=1751895153,boys-dimension-windbreaker-navy-mystic-ocean; boys-dimension-windbreaker-cloud-haze-dove-blue-washed-indigo,,,,,,,,,navy,,,xs-b; s-b; m-b; l-b; xl-b,,,boys-dimension-t-shirt-navy-blue-mystic-ocean; boys-dimension-short-navy-blue,,,,,g,,,true,,,true,,,true,,,true,,,true,,,true,,,true,,,active
boys-dimension-windbreaker-navy-mystic-ocean,,,,,,,,,s-b,,,,,,,,TBJWB002-404-S/B,300.0,shopify,deny,manual,60.00,,true,false,,,,,'5056859116305,https://cdn.shopify.com/s/files/1/0578/9217/5895/files/TRAILBERG_KIDS_2601269027_e69647d3-dbab-450b-8c46-04221b0dd43d.jpg?v=1770368714,2,"",,,,,,,,,,,,,,,,,,,,,,,,,,,,,,,,,,g,,,,,,,,,,,,,,,,,,,,,,,,
boys-dimension-windbreaker-navy-mystic-ocean,,,,,,,,,m-b,,,,,,,,TBJWB002-404-M/B,300.0,shopify,deny,manual,60.00,,true,false,,,,,'5056859116312,https://cdn.shopify.com/s/files/1/0578/9217/5895/files/TRAILBERG_KIDS_2601269034_7b4df860-68f8-4318-bf7e-24922031612e.jpg?v=1770368714,3,"",,,,,,,,,,,,,,,,,,,,,,,,,,,,,,,,,,g,,,,,,,,,,,,,,,,,,,,,,,,
boys-dimension-windbreaker-navy-mystic-ocean,,,,,,,,,l-b,,,,,,,,TBJWB002-404-L/B,300.0,shopify,deny,manual,60.00,,true,false,,,,,'5056859116329,https://cdn.shopify.com/s/files/1/0578/9217/5895/files/TRAILBERG_KIDS_2601269033_afa38f3e-c1c1-4f41-99e6-cce35fc986a0.jpg?v=1770368714,4,"",,,,,,,,,,,,,,,,,,,,,,,,,,,,,,,,,,g,,,,,,,,,,,,,,,,,,,,,,,,
boys-dimension-windbreaker-navy-mystic-ocean,,,,,,,,,xl-b,,,,,,,,TBJWB002-404-XL/B,300.0,shopify,deny,manual,60.00,,true,true,,,,,'5056859116336,https://cdn.shopify.com/s/files/1/0578/9217/5895/files/TRAILBERG_KIDS_2601269028_bc80b22f-2bed-46a8-a704-c26c8964588d.jpg?v=1770368714,5,"",,,,,,,,,,,,,,,,,,,,,,,,,,,,,,,,,,g,,,,,,,,,,,,,,,,,,,,,,,,
boys-dimension-windbreaker-navy-mystic-ocean,,,,,,,,,,,,,,,,,,,,,,,,,,,,,,,https://cdn.shopify.com/s/files/1/0578/9217/5895/files/TRAILBERG_KIDS_2601269030_53e62842-4423-49ae-b02f-8ab16b96a9bd.jpg?v=1770368714,6,"",,,,,,,,,,,,,,,,,,,,,,,,,,,,,,,,,,,,,,,,,,,,,,,,,,,,,,,,,,
boys-dimension-windbreaker-navy-mystic-ocean,,,,,,,,,,,,,,,,,,,,,,,,,,,,,,,https://cdn.shopify.com/s/files/1/0578/9217/5895/files/TRAILBERG_KIDS_2601269032_ac0039ca-4a44-4e81-8474-3cb82f4e9499.jpg?v=1770368714,7,"",,,,,,,,,,,,,,,,,,,,,,,,,,,,,,,,,,,,,,,,,,,,,,,,,,,,,,,,,,
boys-dimension-windbreaker-navy-mystic-ocean,,,,,,,,,,,,,,,,,,,,,,,,,,,,,,,https://cdn.shopify.com/s/files/1/0578/9217/5895/files/TRAILBERG_KIDS_2601269029_eefeef94-1520-4a73-8c93-023603f1e384.jpg?v=1770368714,8,"",,,,,,,,,,,,,,,,,,,,,,,,,,,,,,,,,,,,,,,,,,,,,,,,,,,,,,,,,,
boys-triathlon-3-0-tee-breeze-washed-indigo,Boys Triathlon 3.0 Tee - Breeze / Washed Indigo,"<p data-start=""154"" data-end=""462"">Designed for lightweight comfort, the <strong data-start=""192"" data-end=""224"">Boys Triathlon Tee</strong> is crafted from a smooth jacquard interlock fabric that delivers a clean finish and breathable feel. The streamlined construction is complemented by reflective Trailberg branding, making it a versatile everyday tee with a technical edge.</p>
<p data-start=""464"" data-end=""528"">Finished with premium trims at the neckline for all-day comfort.</p>
<p data-start=""530"" data-end=""547"">Key Features:</p>
<ul>
<li>Lightweight jacquard interlock fabric</li>
<li>Reflective Trailberg branding to front and back</li>
<li>Branded back neck tape for added comfort</li>
<li>Heat-transfer back neck label for a clean finish</li>
</ul>
<p data-start=""741"" data-end=""766"">Material Composition:</p>
<ul data-start=""767"" data-end=""785"">
<li data-start=""767"" data-end=""785"">100% Polyester</li>
</ul>
<p data-start=""787"" data-end=""804"">Sizing &amp; Fit:</p>
<p data-start=""805"" data-end=""848"">Model is 4ft10 (152cm) and wears L/B. </p>",Trailberg,Apparel & Accessories > Clothing > Activewear > Activewear Tops > T-Shirts,BOYS T-SHIRTS,"2026Q1, Boys' T Shirts and Fleeces, BOYSQ1, NEW IN",true,Size,xs-b,product.metafields.shopify.size,,,,,,,TBJTS012-390-XS/B,200.0,shopify,deny,manual,28.00,,true,false,,,,,'5056859115896,https://cdn.shopify.com/s/files/1/0578/9217/5895/files/TRAILBERG_KIDS_2601268992.jpg?v=1770372500,1,"",false,,,,,,,,,,,,https://cdn.shopify.com/s/files/1/0578/9217/5895/files/breeeze.png?v=1752157048,boys-triathlon-3-0-tee-breeze-washed-indigo,,,,,breathable-design; reflective; body-contouring-fit,running; cycling,,,blue,,,xs-b; s-b; m-b; l-b; xl-b,,male,boys-triathlon-3-0-hood-breeze; boys-triathlon-3-short-breeze; boys-triathlon-3-woven-pant-breeze,,,,,g,,,true,,,true,,,true,,,true,,,true,,,true,,,true,,,active
boys-triathlon-3-0-tee-breeze-washed-indigo,,,,,,,,,s-b,,,,,,,,TBJTS012-390-S/B,200.0,shopify,deny,manual,28.00,,true,false,,,,,'5056859115902,https://cdn.shopify.com/s/files/1/0578/9217/5895/files/TRAILBERG_KIDS_2601268991.jpg?v=1770372501,2,"",,,,,,,,,,,,,,,,,,,,,,,,,,,,,,,,,,g,,,,,,,,,,,,,,,,,,,,,,,,
boys-triathlon-3-0-tee-breeze-washed-indigo,,,,,,,,,m-b,,,,,,,,TBJTS012-390-M/B,200.0,shopify,deny,manual,28.00,,true,false,,,,,'5056859115919,https://cdn.shopify.com/s/files/1/0578/9217/5895/files/TRAILBERG_KIDS_2601268984_13485ec7-28fd-4805-ab2f-88e7fe828a21.jpg?v=1772104376,3,"",,,,,,,,,,,,,,,,,,,,,,,,,,,,,,,,,,g,,,,,,,,,,,,,,,,,,,,,,,,
boys-triathlon-3-0-tee-breeze-washed-indigo,,,,,,,,,l-b,,,,,,,,TBJTS012-390-L/B,200.0,shopify,deny,manual,28.00,,true,false,,,,,'5056859115926,https://cdn.shopify.com/s/files/1/0578/9217/5895/files/TRAILBERG_KIDS_2601268985_dfef3741-b8eb-4dbe-8b92-25fe3412f704.jpg?v=1772104377,4,"",,,,,,,,,,,,,,,,,,,,,,,,,,,,,,,,,,g,,,,,,,,,,,,,,,,,,,,,,,,
boys-triathlon-3-0-tee-breeze-washed-indigo,,,,,,,,,xl-b,,,,,,,,TBJTS012-390-XL/B,200.0,shopify,deny,manual,28.00,,true,true,,,,,'5056859115933,https://cdn.shopify.com/s/files/1/0578/9217/5895/files/TRAILBERG_KIDS_2601268988_9638f0d5-631e-4431-999d-c8f06c0a6720.jpg?v=1772104377,5,"",,,,,,,,,,,,,,,,,,,,,,,,,,,,,,,,,,g,,,,,,,,,,,,,,,,,,,,,,,,
boys-triathlon-3-0-tee-breeze-washed-indigo,,,,,,,,,,,,,,,,,,,,,,,,,,,,,,,https://cdn.shopify.com/s/files/1/0578/9217/5895/files/TRAILBERG_KIDS_2601268990_980aed49-e4ef-4314-af44-74d54128bca6.jpg?v=1772104377,6,"",,,,,,,,,,,,,,,,,,,,,,,,,,,,,,,,,,,,,,,,,,,,,,,,,,,,,,,,,,
boys-interval-t-shirt-black,Boys Interval Tee - Black,"<p data-start=""190"" data-end=""489"">Designed for lightweight everyday wear, the <strong data-start=""234"" data-end=""265"">Boys Interval Tee in Black</strong> features a dual-sided polyester construction for a clean finish and comfortable feel. Reflective detailing across the shoulders and branding adds a technical edge, while premium trims at the neckline ensure all-day comfort.</p>
<p data-start=""491"" data-end=""561"">A versatile tee that blends Trailberg style with functional detailing.</p>
<h3 data-start=""563"" data-end=""580"">Key Features:</h3>
<ul>
<li data-start=""583"" data-end=""619"">Lightweight polyester construction</li>
<li data-start=""622"" data-end=""660"">Dual-sided fabric for a clean finish</li>
<li data-start=""663"" data-end=""700"">Reflective shoulder strip detailing</li>
<li data-start=""703"" data-end=""752"">Reflective Trailberg branding to front and back</li>
<li data-start=""755"" data-end=""797"">Branded back neck tape <br>
</li>
</ul>
<h3 data-start=""843"" data-end=""868"">Material Composition:</h3>
<ul data-start=""869"" data-end=""887"">
<li data-start=""869"" data-end=""887"">
<p data-start=""871"" data-end=""887"">100% Polyester</p>
</li>
</ul>
<h3 data-start=""889"" data-end=""906"">Sizing &amp; Fit:</h3>
<ul>
<li data-start=""907"" data-end=""950"">Model is 4ft10 (152cm) and wears L/B. </li>
</ul>",Trailberg,Apparel & Accessories,BOYS T-SHIRTS,"2026Q1, Boys' T Shirts and Fleeces, BOYSQ1, NEW IN",true,Size ,XS/B,,,,,,,,TBJTS011-002-XS/B,200.0,shopify,deny,manual,28.00,,true,false,,,,,'5056859116145,https://cdn.shopify.com/s/files/1/0578/9217/5895/files/TRAILBERG_KIDS_2601269085.jpg?v=1770387257,1,"",false,,,,,,,Black,,,,,https://cdn.shopify.com/s/files/1/0578/9217/5895/files/Black.png?v=1751894382,boys-interval-t-shirt-black; boys-interval-t-shirt-dove-blue,,,,,,,,,,,,,,,,,,,,g,,,true,,,true,,,true,,,true,,,true,,,true,,,true,,,active
boys-interval-t-shirt-black,,,,,,,,,S/B,,,,,,,,TBJTS011-002-S/B,200.0,shopify,deny,manual,28.00,,true,false,,,,,'5056859116152,https://cdn.shopify.com/s/files/1/0578/9217/5895/files/TRAILBERG_KIDS_2601269080.jpg?v=1770387257,2,"",,,,,,,,,,,,,,,,,,,,,,,,,,,,,,,,,,g,,,,,,,,,,,,,,,,,,,,,,,,
boys-interval-t-shirt-black,,,,,,,,,M/B,,,,,,,,TBJTS011-002-M/B,200.0,shopify,deny,manual,28.00,,true,false,,,,,'5056859116169,https://cdn.shopify.com/s/files/1/0578/9217/5895/files/TRAILBERG_KIDS_2601269083.jpg?v=1770387257,3,"",,,,,,,,,,,,,,,,,,,,,,,,,,,,,,,,,,g,,,,,,,,,,,,,,,,,,,,,,,,
boys-interval-t-shirt-black,,,,,,,,,L/B,,,,,,,,TBJTS011-002-L/B,200.0,shopify,deny,manual,28.00,,true,false,,,,,'5056859116176,https://cdn.shopify.com/s/files/1/0578/9217/5895/files/TRAILBERG_KIDS_2601269081.jpg?v=1770387257,4,"",,,,,,,,,,,,,,,,,,,,,,,,,,,,,,,,,,g,,,,,,,,,,,,,,,,,,,,,,,,
boys-interval-t-shirt-black,,,,,,,,,XL/B,,,,,,,,TBJTS011-002-XL/B,200.0,shopify,deny,manual,28.00,,true,true,,,,,'5056859116183,https://cdn.shopify.com/s/files/1/0578/9217/5895/files/TRAILBERG_KIDS_2601269082.jpg?v=1770387257,5,"",,,,,,,,,,,,,,,,,,,,,,,,,,,,,,,,,,g,,,,,,,,,,,,,,,,,,,,,,,,
boys-dimension-twinset-cloud-haze-dove-blue-washed-indigo,Boys Dimension Twinset - Cloud Haze/Dove Blue/Washed Indigo,"<p data-end=""551"" data-start=""232"">Designed for lightweight comfort with a technical finish, the Trailberg Dimension Twinset<strong data-end=""330"" data-start=""294""> </strong>pairs the Dimension Tee and Dimension Short for easy everyday wear. Finished with an all-over digital print and reflective Trailberg branding, it delivers a bold look with premium detailing.</p>
<p>This set comprises of the Dimension Tee and the Dimension Shorts. </p>
<p><span><strong>Sizing &amp; Fit:</strong></span></p>
<ul>
<li><span>Model is 4ft10 (152cm) wearing a size  L/B. </span></li>
</ul>",Trailberg,Apparel & Accessories,BOYS TWINSETS,"2026Q1, Boys Sets, BOYSQ1",true,Size,XS/B,,,,,,,,B-DIM-TWIN-XS/B,600.0,shopify,deny,manual,58.00,,true,false,,,,,,https://cdn.shopify.com/s/files/1/0578/9217/5895/files/TRAILBERG_KIDS_2601269072_e3f17fe7-03ea-41b9-9e36-61d122577f50.jpg?v=1770715134,1,"",false,,,,,,boys-est-blk; boys-essentials-shorts-black,BUS,,,,,https://cdn.shopify.com/s/files/1/0578/9217/5895/files/frosted_sky.png?v=1752155237,boys-dimension-twinset-cloud-haze-dove-blue-washed-indigo; boys-dimension-twinset-navy-blue-mystic-ocean,,,,,,,,,grey-1; blue,,,,,,boys-essential-short-black; boys-est-blk,,,,,g,,,true,,,true,,,true,,,true,,,true,,,true,,,true,,,active
boys-dimension-twinset-cloud-haze-dove-blue-washed-indigo,,,,,,,,,S/B,,,,,,,,B-DIM-TWIN-S/B,600.0,shopify,deny,manual,58.00,,true,false,,,,,,https://cdn.shopify.com/s/files/1/0578/9217/5895/files/TRAILBERG_KIDS_2601269074_1b249543-f62e-4c9b-a91c-73f6f1cf80e7.jpg?v=1770715134,2,"",,,,,,,,,,,,,,,,,,,,,,,,,,,,,,,,,,g,,,,,,,,,,,,,,,,,,,,,,,,
boys-dimension-twinset-cloud-haze-dove-blue-washed-indigo,,,,,,,,,M/B,,,,,,,,B-DIM-TWIN-M/B,600.0,shopify,deny,manual,58.00,,true,false,,,,,,https://cdn.shopify.com/s/files/1/0578/9217/5895/files/TRAILBERG_KIDS_2601269078_71ef5b95-5927-4dad-a2e1-ddd07e5a62cc.jpg?v=1770715134,3,"",,,,,,,,,,,,,,,,,,,,,,,,,,,,,,,,,,g,,,,,,,,,,,,,,,,,,,,,,,,
boys-dimension-twinset-cloud-haze-dove-blue-washed-indigo,,,,,,,,,L/B,,,,,,,,B-DIM-TWIN-L/B,600.0,shopify,deny,manual,58.00,,true,false,,,,,,https://cdn.shopify.com/s/files/1/0578/9217/5895/files/TRAILBERG_KIDS_2601269075_0e4d75b6-33f2-42e3-9732-5e9a036032c3.jpg?v=1770715134,4,"",,,,,,,,,,,,,,,,,,,,,,,,,,,,,,,,,,g,,,,,,,,,,,,,,,,,,,,,,,,
boys-dimension-twinset-cloud-haze-dove-blue-washed-indigo,,,,,,,,,XL/B,,,,,,,,B-DIM-TWIN-XL/B,600.0,shopify,deny,manual,58.00,,true,true,,,,,,https://cdn.shopify.com/s/files/1/0578/9217/5895/files/TRAILBERG_KIDS_2601269059_36af033b-fcd0-4037-8e13-db279eea3b32.jpg?v=1771322270,5,"",,,,,,,,,,,,,,,,,,,,,,,,,,,,,,,,,,g,,,,,,,,,,,,,,,,,,,,,,,,
boys-dimension-twinset-cloud-haze-dove-blue-washed-indigo,,,,,,,,,,,,,,,,,,,,,,,,,,,,,,,https://cdn.shopify.com/s/files/1/0578/9217/5895/files/TRAILBERG_KIDS_2601269057_f6759a2a-6413-46b6-aa29-d453c53eec1d.jpg?v=1771322405,6,"",,,,,,,,,,,,,,,,,,,,,,,,,,,,,,,,,,,,,,,,,,,,,,,,,,,,,,,,,,
boys-dimension-twinset-cloud-haze-dove-blue-washed-indigo,,,,,,,,,,,,,,,,,,,,,,,,,,,,,,,https://cdn.shopify.com/s/files/1/0578/9217/5895/files/TRAILBERG_KIDS_2601269065_9c636b2e-2909-41a5-a166-f811f9f52f48.jpg?v=1771322405,7,"",,,,,,,,,,,,,,,,,,,,,,,,,,,,,,,,,,,,,,,,,,,,,,,,,,,,,,,,,,
boys-dimension-twinset-cloud-haze-dove-blue-washed-indigo,,,,,,,,,,,,,,,,,,,,,,,,,,,,,,,https://cdn.shopify.com/s/files/1/0578/9217/5895/files/TRAILBERG_KIDS_2601269060_09ac25fe-48bd-4b10-b63b-7bc4b5c5483e.jpg?v=1771322405,8,"",,,,,,,,,,,,,,,,,,,,,,,,,,,,,,,,,,,,,,,,,,,,,,,,,,,,,,,,,,
boys-dimension-windset-cloud-haze-dove-blue-washed-indigo,Boys Dimension Windset - Cloud Haze/Dove Blue/Washed Indigo,"<p><span>The Boys Dimension Windset is engineered to perform regardless of where your adventure takes you. </span></p>
<p><span>Designed for lightweight coverage with a technical edge, the Trailberg Boys Dimension Windbreaker combines a durable outer shell with stretch panels for added comfort and ease of wear. Featuring an all-over digital print and reflective detailing throughout, this windbreaker delivers a bold Trailberg look with functional everyday protection. The windbreaker is paired with the Dimension Short to create an everyday set that is suitable for any activity whether that be indoors or on the go. </span><span></span></p>
<p><span>Pair with the Dimension Tee for a complete set.</span></p>",Trailberg,Apparel & Accessories,BOYS TWINSETS,"2026Q1, Boys Sets, BOYSQ1",true,Size,XS/B,,,,,,,,B-DIM-WIND-XS/B,600.0,shopify,deny,manual,90.00,,true,false,,,,,,https://cdn.shopify.com/s/files/1/0578/9217/5895/files/TRAILBERG_KIDS_2601269048_03db016e-eeb4-458c-ab0e-55d918ef7bd6.jpg?v=1771322278,1,"",false,,,,,,boys-dimension-windbreaker-cloud-haze-dove-blue-washed-indigo; boys-dimension-short-cloud-haze,BUS,,,,,https://cdn.shopify.com/s/files/1/0578/9217/5895/files/frosted_sky.png?v=1752155237,boys-dimension-windset-cloud-haze-dove-blue-washed-indigo; boys-dimension-windset-navy-blue-mystic-ocean,,,,,,,,,grey-1; black,,,,,,boys-dimension-short-cloud-haze; boys-dimension-windbreaker-cloud-haze-dove-blue-washed-indigo,,,,,g,,,true,,,true,,,true,,,true,,,true,,,true,,,true,,,active
boys-dimension-windset-cloud-haze-dove-blue-washed-indigo,,,,,,,,,S/B,,,,,,,,B-DIM-WIND-S/B,600.0,shopify,deny,manual,90.00,,true,false,,,,,,https://cdn.shopify.com/s/files/1/0578/9217/5895/files/TRAILBERG_KIDS_2601269050_b42774dd-b920-4e49-947a-327d9a718491.jpg?v=1771322278,2,"",,,,,,,,,,,,,,,,,,,,,,,,,,,,,,,,,,g,,,,,,,,,,,,,,,,,,,,,,,,
boys-dimension-windset-cloud-haze-dove-blue-washed-indigo,,,,,,,,,M/B,,,,,,,,B-DIM-WIND-M/B,600.0,shopify,deny,manual,90.00,,true,false,,,,,,https://cdn.shopify.com/s/files/1/0578/9217/5895/files/TRAILBERG_KIDS_2601269053_ffaa69da-c160-4c99-9824-bde0d66483ac.jpg?v=1771322278,3,"",,,,,,,,,,,,,,,,,,,,,,,,,,,,,,,,,,g,,,,,,,,,,,,,,,,,,,,,,,,
boys-dimension-windset-cloud-haze-dove-blue-washed-indigo,,,,,,,,,L/B,,,,,,,,B-DIM-WIND-L/B,600.0,shopify,deny,manual,90.00,,true,false,,,,,,https://cdn.shopify.com/s/files/1/0578/9217/5895/files/TRAILBERG_KIDS_2601269069_de325095-05e1-4b84-979d-2d3fa8ec2172.jpg?v=1771322278,4,"",,,,,,,,,,,,,,,,,,,,,,,,,,,,,,,,,,g,,,,,,,,,,,,,,,,,,,,,,,,
boys-dimension-windset-cloud-haze-dove-blue-washed-indigo,,,,,,,,,XL/B,,,,,,,,B-DIM-WIND-XL/B,600.0,shopify,deny,manual,90.00,,true,true,,,,,,https://cdn.shopify.com/s/files/1/0578/9217/5895/files/TRAILBERG_KIDS_2601269052_1485873f-9b71-425d-8aa6-3fd9d9a2aef3.jpg?v=1771322278,5,"",,,,,,,,,,,,,,,,,,,,,,,,,,,,,,,,,,g,,,,,,,,,,,,,,,,,,,,,,,,
boys-dimension-windset-cloud-haze-dove-blue-washed-indigo,,,,,,,,,,,,,,,,,,,,,,,,,,,,,,,https://cdn.shopify.com/s/files/1/0578/9217/5895/files/TRAILBERG_KIDS_2601269054_fa06e58b-c158-40ef-ac45-67f49b0a767a.jpg?v=1771322278,6,"",,,,,,,,,,,,,,,,,,,,,,,,,,,,,,,,,,,,,,,,,,,,,,,,,,,,,,,,,,
boys-dimension-windset-cloud-haze-dove-blue-washed-indigo,,,,,,,,,,,,,,,,,,,,,,,,,,,,,,,https://cdn.shopify.com/s/files/1/0578/9217/5895/files/TRAILBERG_KIDS_2601269065_9c636b2e-2909-41a5-a166-f811f9f52f48.jpg?v=1771322405,7,"",,,,,,,,,,,,,,,,,,,,,,,,,,,,,,,,,,,,,,,,,,,,,,,,,,,,,,,,,,
boys-dimension-windset-cloud-haze-dove-blue-washed-indigo,,,,,,,,,,,,,,,,,,,,,,,,,,,,,,,https://cdn.shopify.com/s/files/1/0578/9217/5895/files/TRAILBERG_KIDS_2601269057_f6759a2a-6413-46b6-aa29-d453c53eec1d.jpg?v=1771322405,8,"",,,,,,,,,,,,,,,,,,,,,,,,,,,,,,,,,,,,,,,,,,,,,,,,,,,,,,,,,,
boys-dimension-windset-cloud-haze-dove-blue-washed-indigo,,,,,,,,,,,,,,,,,,,,,,,,,,,,,,,https://cdn.shopify.com/s/files/1/0578/9217/5895/files/TRAILBERG_KIDS_2601269059_36af033b-fcd0-4037-8e13-db279eea3b32.jpg?v=1771322270,9,"",,,,,,,,,,,,,,,,,,,,,,,,,,,,,,,,,,,,,,,,,,,,,,,,,,,,,,,,,,
boys-dimension-windset-cloud-haze-dove-blue-washed-indigo,,,,,,,,,,,,,,,,,,,,,,,,,,,,,,,https://cdn.shopify.com/s/files/1/0578/9217/5895/files/TRAILBERG_KIDS_2601269060_09ac25fe-48bd-4b10-b63b-7bc4b5c5483e.jpg?v=1771322405,10,"",,,,,,,,,,,,,,,,,,,,,,,,,,,,,,,,,,,,,,,,,,,,,,,,,,,,,,,,,,
boys-dimension-twinset-navy-blue-mystic-ocean,Boys Dimension Twinset - Navy Blue/Mystic Ocean,"<p data-end=""551"" data-start=""232"">Designed for lightweight comfort with a technical finish, the Trailberg Dimension Twinset<strong data-end=""330"" data-start=""294""> </strong>pairs the Dimension Tee and Dimension Short for easy everyday wear. Finished with an all-over digital print and reflective Trailberg branding, it delivers a bold look with premium detailing.</p>
<p>This set comprises of the Dimension Tee and the Dimension Shorts. </p>
<p><span><strong>Sizing &amp; Fit:</strong></span></p>
<ul>
<li><span>Model is 4ft10 (152cm) wearing a size  L/B. </span></li>
</ul>",Trailberg,Apparel & Accessories,BOYS TWINSETS,"2026Q1, Boys Sets, BOYSQ1",true,Size,XS/B,,,,,,,,B-DIM-TWIN-NVY-XS/B,600.0,shopify,deny,manual,58.00,,true,false,,,,,,https://cdn.shopify.com/s/files/1/0578/9217/5895/files/TRAILBERG_KIDS_2601269041_2f9a9642-816b-42eb-aa13-0764aaeb32e2.jpg?v=1771322207,1,"",false,,,,,,boys-dimension-t-shirt-navy-blue-mystic-ocean; boys-dimension-short-navy-blue,BUS,,,,,https://cdn.shopify.com/s/files/1/0578/9217/5895/files/DEEP_OCEAN.png?v=1753959141,boys-dimension-twinset-cloud-haze-dove-blue-washed-indigo; boys-dimension-twinset-navy-blue-mystic-ocean,,,,,,,,,navy; blue,,,,,,boys-dimension-t-shirt-navy-blue-mystic-ocean; boys-dimension-short-navy-blue,,,,,g,,,true,,,true,,,true,,,true,,,true,,,true,,,true,,,active
boys-dimension-twinset-navy-blue-mystic-ocean,,,,,,,,,S/B,,,,,,,,B-DIM-TWIN-NVY-S/B,600.0,shopify,deny,manual,58.00,,true,false,,,,,,https://cdn.shopify.com/s/files/1/0578/9217/5895/files/TRAILBERG_KIDS_2601269047_521c6210-9e5e-4487-bacc-b4faaece7bb4.jpg?v=1771322207,2,"",,,,,,,,,,,,,,,,,,,,,,,,,,,,,,,,,,g,,,,,,,,,,,,,,,,,,,,,,,,
boys-dimension-twinset-navy-blue-mystic-ocean,,,,,,,,,M/B,,,,,,,,B-DIM-TWIN-NVY-M/B,600.0,shopify,deny,manual,58.00,,true,false,,,,,,https://cdn.shopify.com/s/files/1/0578/9217/5895/files/TRAILBERG_KIDS_2601269045_950a57af-14df-4e18-a565-26069538da47.jpg?v=1771322207,3,"",,,,,,,,,,,,,,,,,,,,,,,,,,,,,,,,,,g,,,,,,,,,,,,,,,,,,,,,,,,
boys-dimension-twinset-navy-blue-mystic-ocean,,,,,,,,,L/B,,,,,,,,B-DIM-TWIN-NVY-L/B,600.0,shopify,deny,manual,58.00,,true,false,,,,,,https://cdn.shopify.com/s/files/1/0578/9217/5895/files/TRAILBERG_KIDS_2601269038_9ae076b0-034a-4200-899f-905d250b8df5.jpg?v=1771322207,4,"",,,,,,,,,,,,,,,,,,,,,,,,,,,,,,,,,,g,,,,,,,,,,,,,,,,,,,,,,,,
boys-dimension-twinset-navy-blue-mystic-ocean,,,,,,,,,XL/B,,,,,,,,B-DIM-TWIN-NVY-XL/B,600.0,shopify,deny,manual,58.00,,true,true,,,,,,https://cdn.shopify.com/s/files/1/0578/9217/5895/files/TRAILBERG_KIDS_2601269035_5c282082-c6e4-4546-9d4f-e4cab0f67d95.jpg?v=1771322207,5,"",,,,,,,,,,,,,,,,,,,,,,,,,,,,,,,,,,g,,,,,,,,,,,,,,,,,,,,,,,,
boys-dimension-twinset-navy-blue-mystic-ocean,,,,,,,,,,,,,,,,,,,,,,,,,,,,,,,https://cdn.shopify.com/s/files/1/0578/9217/5895/files/TRAILBERG_KIDS_2601269036_a42f50e6-4a14-47a3-a06c-983e26a5710c.jpg?v=1771322207,6,"",,,,,,,,,,,,,,,,,,,,,,,,,,,,,,,,,,,,,,,,,,,,,,,,,,,,,,,,,,
boys-dimension-windset-navy-blue-mystic-ocean,Boys Dimension Windset - Navy Blue/Mystic Ocean,"<p><span>The Boys Dimension Windset is engineered to perform regardless of where your adventure takes you. </span></p>
<p><span>Designed for lightweight coverage with a technical edge, the Trailberg Boys Dimension Windbreaker combines a durable outer shell with stretch panels for added comfort and ease of wear. Featuring an all-over digital print and reflective detailing throughout, this windbreaker delivers a bold Trailberg look with functional everyday protection. The windbreaker is paired with the Dimension Short to create an everyday set that is suitable for any activity whether that be indoors or on the go. </span><span></span></p>
<p><span>Pair with the Dimension Tee for a complete set.</span></p>",Trailberg,Apparel & Accessories,BOYS TWINSETS,"2026Q1, Boys Sets, BOYSQ1",true,Size,XS/B,,,,,,,,B-DIM-WIND-NVY-XS/B,600.0,shopify,deny,manual,90.00,,true,false,,,,,,https://cdn.shopify.com/s/files/1/0578/9217/5895/files/TRAILBERG_KIDS_2601269027_78651d73-fead-4f9d-ae30-d30c2f94aa15.jpg?v=1772104514,1,"",false,,,,,,boys-dimension-short-navy-blue; boys-dimension-windbreaker-navy-mystic-ocean,BUS,,,,,https://cdn.shopify.com/s/files/1/0578/9217/5895/files/DEEP_OCEAN.png?v=1753959141,boys-dimension-windset-cloud-haze-dove-blue-washed-indigo; boys-dimension-windset-navy-blue-mystic-ocean,,,,,,,,,grey-1; black,,,,,,boys-dimension-windbreaker-navy-mystic-ocean; boys-dimension-short-navy-blue,,,,,g,,,true,,,true,,,true,,,true,,,true,,,true,,,true,,,active
boys-dimension-windset-navy-blue-mystic-ocean,,,,,,,,,S/B,,,,,,,,B-DIM-WIND-NVY-S/B,600.0,shopify,deny,manual,90.00,,true,false,,,,,,https://cdn.shopify.com/s/files/1/0578/9217/5895/files/TRAILBERG_KIDS_2601269031_e29cf786-a8aa-48c1-a958-379596240b16.jpg?v=1772104514,2,"",,,,,,,,,,,,,,,,,,,,,,,,,,,,,,,,,,g,,,,,,,,,,,,,,,,,,,,,,,,
boys-dimension-windset-navy-blue-mystic-ocean,,,,,,,,,M/B,,,,,,,,B-DIM-WIND-NVY-M/B,600.0,shopify,deny,manual,90.00,,true,false,,,,,,https://cdn.shopify.com/s/files/1/0578/9217/5895/files/TRAILBERG_KIDS_2601269032_14f31735-97d8-4429-9f31-207a03de2802.jpg?v=1772104514,3,"",,,,,,,,,,,,,,,,,,,,,,,,,,,,,,,,,,g,,,,,,,,,,,,,,,,,,,,,,,,
boys-dimension-windset-navy-blue-mystic-ocean,,,,,,,,,L/B,,,,,,,,B-DIM-WIND-NVY-L/B,600.0,shopify,deny,manual,90.00,,true,false,,,,,,https://cdn.shopify.com/s/files/1/0578/9217/5895/files/TRAILBERG_KIDS_2601269033_59492de1-2685-4983-9a99-18b3b915a92e.jpg?v=1772104514,4,"",,,,,,,,,,,,,,,,,,,,,,,,,,,,,,,,,,g,,,,,,,,,,,,,,,,,,,,,,,,
boys-dimension-windset-navy-blue-mystic-ocean,,,,,,,,,XL/B,,,,,,,,B-DIM-WIND-NVY-XL/B,600.0,shopify,deny,manual,90.00,,true,true,,,,,,https://cdn.shopify.com/s/files/1/0578/9217/5895/files/TRAILBERG_KIDS_2601269034_af85498b-03b6-4775-9ac7-233b8e5ff1c9.jpg?v=1772104514,5,"",,,,,,,,,,,,,,,,,,,,,,,,,,,,,,,,,,g,,,,,,,,,,,,,,,,,,,,,,,,
boys-dimension-windset-navy-blue-mystic-ocean,,,,,,,,,,,,,,,,,,,,,,,,,,,,,,,https://cdn.shopify.com/s/files/1/0578/9217/5895/files/TRAILBERG_KIDS_2601269027_7d65fa8a-db02-4934-a4b4-a5ae8cc1d904.jpg?v=1772104514,6,"",,,,,,,,,,,,,,,,,,,,,,,,,,,,,,,,,,,,,,,,,,,,,,,,,,,,,,,,,,
boys-dimension-windset-navy-blue-mystic-ocean,,,,,,,,,,,,,,,,,,,,,,,,,,,,,,,https://cdn.shopify.com/s/files/1/0578/9217/5895/files/TRAILBERG_KIDS_2601269038_380b1c11-3967-49de-9d49-8949064511f4.jpg?v=1772104514,7,"",,,,,,,,,,,,,,,,,,,,,,,,,,,,,,,,,,,,,,,,,,,,,,,,,,,,,,,,,,
boys-dimension-windset-navy-blue-mystic-ocean,,,,,,,,,,,,,,,,,,,,,,,,,,,,,,,https://cdn.shopify.com/s/files/1/0578/9217/5895/files/TRAILBERG_KIDS_2601269035_bd5e4fa8-fa6b-4154-ac6d-e8bca62df768.jpg?v=1772104507,8,"",,,,,,,,,,,,,,,,,,,,,,,,,,,,,,,,,,,,,,,,,,,,,,,,,,,,,,,,,,
boys-dimension-windset-navy-blue-mystic-ocean,,,,,,,,,,,,,,,,,,,,,,,,,,,,,,,https://cdn.shopify.com/s/files/1/0578/9217/5895/files/TRAILBERG_KIDS_2601269036_f310a638-8768-4167-a2ad-daad7423cd44.jpg?v=1772104508,9,"",,,,,,,,,,,,,,,,,,,,,,,,,,,,,,,,,,,,,,,,,,,,,,,,,,,,,,,,,,
boys-ignite-fleece-tracksuit-black,Boys Ignite Fleece Tracksuit - Black,"<p>An everyday layer, the Trailberg Ignite Tracksuit combines a heavyweight fleece with subtle stretch panels for comfort, structure, and ease of wear.</p>
<p data-start=""667"" data-end=""812"">Finished with signature Trailberg branding, this overhead fleece hoodie and pant set is designed to perform, wherever the day takes you.</p>",Trailberg,Apparel & Accessories,BOYS TRACKSUITS,"2026Q1, Boys Sets, BOYSQ1",true,Size,XS/B,,,,,,,,B-IGN-TRK-BLK-XS/B,600.0,shopify,deny,manual,105.00,,true,false,,,,,,https://cdn.shopify.com/s/files/1/0578/9217/5895/files/TRAILBERG_KIDS_2601268943_49a02903-cbee-461d-adb5-0a0fad110306.jpg?v=1770649795,1,"",false,,,,,,boys-ignite-oth-fleece-hood-black; boys-ignite-poly-fleece-pant-black,TGDF,,,,,https://cdn.shopify.com/s/files/1/0578/9217/5895/files/Black.png?v=1751894382,,,,,,,,,,black,,,,,,boys-ignite-oth-fleece-hood-black; boys-ignite-poly-fleece-pant-black,,,,,g,,,true,,,true,,,true,,,true,,,true,,,true,,,true,,,active
boys-ignite-fleece-tracksuit-black,,,,,,,,,S/B,,,,,,,,B-IGN-TRK-BLK-S/B,600.0,shopify,deny,manual,105.00,,true,false,,,,,,https://cdn.shopify.com/s/files/1/0578/9217/5895/files/TRAILBERG_KIDS_2601268946_d5e9ce2d-aff5-4cdf-be7c-01f255bbe70e.jpg?v=1770649795,2,"",,,,,,,,,,,,,,,,,,,,,,,,,,,,,,,,,,g,,,,,,,,,,,,,,,,,,,,,,,,
boys-ignite-fleece-tracksuit-black,,,,,,,,,M/B,,,,,,,,B-IGN-TRK-BLK-M/B,600.0,shopify,deny,manual,105.00,,true,false,,,,,,https://cdn.shopify.com/s/files/1/0578/9217/5895/files/TRAILBERG_KIDS_2601268949_52d5e21c-04f7-42c2-9197-db80f19a6095.jpg?v=1770649795,3,"",,,,,,,,,,,,,,,,,,,,,,,,,,,,,,,,,,g,,,,,,,,,,,,,,,,,,,,,,,,
boys-ignite-fleece-tracksuit-black,,,,,,,,,L/B,,,,,,,,B-IGN-TRK-BLK-L/B,600.0,shopify,deny,manual,105.00,,true,false,,,,,,https://cdn.shopify.com/s/files/1/0578/9217/5895/files/TRAILBERG_KIDS_2601268951_22d4e2d6-2af1-4800-aa0d-9b064d5d61e0.jpg?v=1770649795,4,"",,,,,,,,,,,,,,,,,,,,,,,,,,,,,,,,,,g,,,,,,,,,,,,,,,,,,,,,,,,
boys-ignite-fleece-tracksuit-black,,,,,,,,,XL/B,,,,,,,,B-IGN-TRK-BLK-XL/B,600.0,shopify,deny,manual,105.00,,true,true,,,,,,https://cdn.shopify.com/s/files/1/0578/9217/5895/files/TRAILBERG_KIDS_2601268948_2beee277-c25a-491d-ad3d-7415a7aaeb8e.jpg?v=1770649795,5,"",,,,,,,,,,,,,,,,,,,,,,,,,,,,,,,,,,g,,,,,,,,,,,,,,,,,,,,,,,,
boys-ignite-fleece-tracksuit-black,,,,,,,,,,,,,,,,,,,,,,,,,,,,,,,https://cdn.shopify.com/s/files/1/0578/9217/5895/files/TRAILBERG_KIDS_2601268953_fe717648-685e-40f2-a293-5ec31f15f98a.jpg?v=1770649795,6,"",,,,,,,,,,,,,,,,,,,,,,,,,,,,,,,,,,,,,,,,,,,,,,,,,,,,,,,,,,
boys-ignite-fleece-tracksuit-black,,,,,,,,,,,,,,,,,,,,,,,,,,,,,,,https://cdn.shopify.com/s/files/1/0578/9217/5895/files/TRAILBERG_KIDS_2601268952_c9aae186-6a9c-4718-be34-68082a1ac4fa.jpg?v=1770649657,7,"",,,,,,,,,,,,,,,,,,,,,,,,,,,,,,,,,,,,,,,,,,,,,,,,,,,,,,,,,,
locus-tracksuit-frosted-denim,Locus Tracksuit - Frosted Denim Blue,"<p data-start=""188"" data-end=""529"">Engineered for performance and designed to stand out, the Trailberg Locus Tracksuit combines the Locus Hood and Locus Pant into a complete, weather-ready set. Built from lightweight windbreaker fabric with a durable water repellent (DWR) finish, it offers protection from wind and light rain without compromising comfort or mobility.</p>
<p data-start=""531"" data-end=""976"">The three-piece hood with adjustable bungees delivers a secure, personalised fit, while the pant’s back yoke construction enhances movement and shape. Zip cuffs provide adjustability over footwear, and reflective strip detailing improves visibility in low-light conditions. Finished with a bold print across the set, the Locus Tracksuit delivers a confident, technical aesthetic built for both outdoor activity and everyday wear.</p>
<p data-start=""978"" data-end=""996"">Key Features:</p>
<ul>
<li data-start=""999"" data-end=""1045"">Two-piece set: Locus Hood and Locus Pant</li>
<li data-start=""1048"" data-end=""1099"">DWR finish for wind and light rain resistance</li>
<li data-start=""1102"" data-end=""1144"">Lightweight windbreaker construction</li>
<li data-start=""1147"" data-end=""1202"">Adjustable three-piece hood for enhanced coverage</li>
<li data-start=""1205"" data-end=""1254"">Back yoke pant design for improved mobility</li>
<li data-start=""1257"" data-end=""1308"">Zip cuffs for easy on-and-off and ventilation</li>
<li data-start=""1311"" data-end=""1364"">Reflective strip detailing for added visibility</li>
<li data-start=""1367"" data-end=""1424"">Ideal for outdoor activity, hiking, and everyday wear</li>
</ul>",Trailberg,Apparel & Accessories > Clothing > Outfit Sets,TRACKSUITS,"2026Q1, bikers, Biking and Running, BUNDLE, BUNDLES, Hikers, NEW IN, New In Test, Nosto New In Test, Runners, RUNNING, SET, SETS, Winter Sports",true,Size,XS,,,,,,,,LOCUS-TRK-XS,800.0,shopify,deny,manual,155.00,,true,true,,,,,,https://cdn.shopify.com/s/files/1/0578/9217/5895/files/TRAILBERG_2701269208_184372f1-942d-46e5-b7b5-7f53403bcb46.jpg?v=1772532726,1,"",false,,,,,,horizon-2-hood-black; horizon-2-pant-black,BVG,,,,,https://cdn.shopify.com/s/files/1/0578/9217/5895/files/FROSTED_DENIM.png?v=1772037108,,,,,,,,,,black,,,,,,locus-hood-frosted-denim; locus-woven-pant-denim; locus-aop-tee-polar-breeze,,,,,g,,,true,,,true,,,true,,,true,,,true,,,true,,,true,,,active
locus-tracksuit-frosted-denim,,,,,,,,,S,,,,,,,,LOCUS-TRK-S,800.0,shopify,deny,manual,155.00,,true,true,,,,,,https://cdn.shopify.com/s/files/1/0578/9217/5895/files/TRAILBERG_2701269193_ae882411-e7c1-4e40-a1fc-84e536e3ce08.jpg?v=1772532726,2,"",,,,,,,,,,,,,,,,,,,,,,,,,,,,,,,,,,g,,,,,,,,,,,,,,,,,,,,,,,,
locus-tracksuit-frosted-denim,,,,,,,,,M,,,,,,,,LOCUS-TRK-M,800.0,shopify,deny,manual,155.00,,true,true,,,,,,https://cdn.shopify.com/s/files/1/0578/9217/5895/files/TRAILBERG_2701269201.jpg?v=1772104733,3,"",,,,,,,,,,,,,,,,,,,,,,,,,,,,,,,,,,g,,,,,,,,,,,,,,,,,,,,,,,,
locus-tracksuit-frosted-denim,,,,,,,,,L,,,,,,,,LOCUS-TRK-L,800.0,shopify,deny,manual,155.00,,true,true,,,,,,https://cdn.shopify.com/s/files/1/0578/9217/5895/files/TRAILBERG_2701269200.jpg?v=1772104733,4,"",,,,,,,,,,,,,,,,,,,,,,,,,,,,,,,,,,g,,,,,,,,,,,,,,,,,,,,,,,,
locus-tracksuit-frosted-denim,,,,,,,,,XL,,,,,,,,LOCUS-TRK-XL,800.0,shopify,deny,manual,155.00,,true,true,,,,,,https://cdn.shopify.com/s/files/1/0578/9217/5895/files/TRAILBERG_2701269203_76117fc3-9e53-4938-818a-349a727290a8.jpg?v=1772104733,5,"",,,,,,,,,,,,,,,,,,,,,,,,,,,,,,,,,,g,,,,,,,,,,,,,,,,,,,,,,,,
locus-tracksuit-frosted-denim,,,,,,,,,XXL,,,,,,,,LOCUS-TRK-XXL,800.0,shopify,deny,manual,155.00,,true,true,,,,,,https://cdn.shopify.com/s/files/1/0578/9217/5895/files/TRAILBERG_2701269204_d3982935-e40e-418f-bb1c-a41393dfd5fd.jpg?v=1772104733,6,"",,,,,,,,,,,,,,,,,,,,,,,,,,,,,,,,,,g,,,,,,,,,,,,,,,,,,,,,,,,
locus-tracksuit-frosted-denim,,,,,,,,,,,,,,,,,,,,,,,,,,,,,,,https://cdn.shopify.com/s/files/1/0578/9217/5895/files/TRAILBERG_2701269205_fa9b34a8-76d4-4b1b-b915-cfcb08619127.jpg?v=1772104733,7,"",,,,,,,,,,,,,,,,,,,,,,,,,,,,,,,,,,,,,,,,,,,,,,,,,,,,,,,,,,
vale-gridded-fleece-tracksuit-storm-blue-deep-ocean,Vale Gridded Fleece Tracksuit - Storm Blue/Deep Ocean,"<p data-start=""42"" data-end=""377"">Introducing the Trailberg Vale Gridded Fleece Tracksuit- a versatile essential built for warmth, comfort, and everyday performance. Designed using a technical gridded fleece, the Vale Tracksuit delivers lightweight insulation that traps heat while remaining breathable, making it ideal for active days outdoors or relaxed off-duty wear.</p>
<ul></ul>
<p data-start=""935"" data-end=""974"">This set comprises of the Vale Gridded Hood and Vale Gridded Pant.</p>",Trailberg,Apparel & Accessories > Clothing > Outfit Sets,TRACKSUITS,"2026Q1, bikers, Biking and Running, BUNDLE, BUNDLES, Hikers, Hiking, NEW IN, Outdoor, Runners, RUNNING, SET, SETS, Winter Sports",true,Size,XS,,,,,,,,VALE-TRK-STORM-XS,800.0,shopify,deny,manual,140.00,,true,true,,,,,,https://cdn.shopify.com/s/files/1/0578/9217/5895/files/TRAILBERG_2701269349_493ab01c-2ce3-410a-9694-1e06b0fca662.jpg?v=1770824845,1,"",false,,,,,,vale-gridded-fleece-hood-blue; vale-gridded-fleece-pant-blue,BVG,,,,,https://cdn.shopify.com/s/files/1/0578/9217/5895/files/DEEP_OCEAN.png?v=1753959141,vale-gridded-fleece-tracksuit-black; vale-gridded-fleece-tracksuit-storm-blue-deep-ocean,,,,,,,,,blue; navy,,,,,,vale-gridded-fleece-hood-blue; vale-gridded-fleece-pant-blue,,,,,g,,,true,,,true,,,true,,,true,,,true,,,true,,,true,,,active
vale-gridded-fleece-tracksuit-storm-blue-deep-ocean,,,,,,,,,S,,,,,,,,VALE-TRK-STORM-S,800.0,shopify,deny,manual,140.00,,true,true,,,,,,https://cdn.shopify.com/s/files/1/0578/9217/5895/files/TRAILBERG_2701269360_c7f2b526-de48-40de-bdd1-11aa54fe7c7c.jpg?v=1770824845,2,"",,,,,,,,,,,,,,,,,,,,,,,,,,,,,,,,,,g,,,,,,,,,,,,,,,,,,,,,,,,
vale-gridded-fleece-tracksuit-storm-blue-deep-ocean,,,,,,,,,M,,,,,,,,VALE-TRK-STORM-M,800.0,shopify,deny,manual,140.00,,true,true,,,,,,https://cdn.shopify.com/s/files/1/0578/9217/5895/files/TRAILBERG_2701269351_38446518-e918-4b12-8910-ad6c70d96ec1.jpg?v=1770824835,3,"",,,,,,,,,,,,,,,,,,,,,,,,,,,,,,,,,,g,,,,,,,,,,,,,,,,,,,,,,,,
vale-gridded-fleece-tracksuit-storm-blue-deep-ocean,,,,,,,,,L,,,,,,,,VALE-TRK-STORM-L,800.0,shopify,deny,manual,140.00,,true,true,,,,,,https://cdn.shopify.com/s/files/1/0578/9217/5895/files/TRAILBERG_2701269353_7c89f021-a9be-4696-bc1a-2216c438e1c1.jpg?v=1770824836,4,"",,,,,,,,,,,,,,,,,,,,,,,,,,,,,,,,,,g,,,,,,,,,,,,,,,,,,,,,,,,
vale-gridded-fleece-tracksuit-storm-blue-deep-ocean,,,,,,,,,XL,,,,,,,,VALE-TRK-STORM-XL,800.0,shopify,deny,manual,140.00,,true,true,,,,,,https://cdn.shopify.com/s/files/1/0578/9217/5895/files/TRAILBERG_2701269354_f42de570-c205-411e-ab6f-6c5a6c5a6a56.jpg?v=1770824835,5,"",,,,,,,,,,,,,,,,,,,,,,,,,,,,,,,,,,g,,,,,,,,,,,,,,,,,,,,,,,,
vale-gridded-fleece-tracksuit-storm-blue-deep-ocean,,,,,,,,,XXL,,,,,,,,VALE-TRK-STORM-XXL,800.0,shopify,deny,manual,140.00,,true,true,,,,,,https://cdn.shopify.com/s/files/1/0578/9217/5895/files/TRAILBERG_2701269355_0e5f310e-47b9-4366-bee8-0a9803c9f031.jpg?v=1770824834,6,"",,,,,,,,,,,,,,,,,,,,,,,,,,,,,,,,,,g,,,,,,,,,,,,,,,,,,,,,,,,
vale-gridded-fleece-tracksuit-storm-blue-deep-ocean,,,,,,,,,,,,,,,,,,,,,,,,,,,,,,,https://cdn.shopify.com/s/files/1/0578/9217/5895/files/TRAILBERG_2701269356_920d24e5-c9ea-462b-808b-c147913f9016.jpg?v=1770824835,7,"",,,,,,,,,,,,,,,,,,,,,,,,,,,,,,,,,,,,,,,,,,,,,,,,,,,,,,,,,,
vale-gridded-fleece-tracksuit-storm-blue-deep-ocean,,,,,,,,,,,,,,,,,,,,,,,,,,,,,,,https://cdn.shopify.com/s/files/1/0578/9217/5895/files/TRAILBERG_2701269357_29b9a399-e6c6-4a14-97cf-030716ceab87.jpg?v=1770824834,8,"",,,,,,,,,,,,,,,,,,,,,,,,,,,,,,,,,,,,,,,,,,,,,,,,,,,,,,,,,,
vale-gridded-fleece-tracksuit-storm-blue-deep-ocean,,,,,,,,,,,,,,,,,,,,,,,,,,,,,,,https://cdn.shopify.com/s/files/1/0578/9217/5895/files/TRAILBERG_2701269358_d7d5eb2c-89eb-4ec3-88ca-74f9eff3e312.jpg?v=1770824834,9,"",,,,,,,,,,,,,,,,,,,,,,,,,,,,,,,,,,,,,,,,,,,,,,,,,,,,,,,,,,
vale-gridded-fleece-tracksuit-storm-blue-deep-ocean,,,,,,,,,,,,,,,,,,,,,,,,,,,,,,,https://cdn.shopify.com/s/files/1/0578/9217/5895/files/TRAILBERG_2701269359_bc6fdb7e-a42f-47e9-af9b-8fe7d8111a75.jpg?v=1770824835,10,"",,,,,,,,,,,,,,,,,,,,,,,,,,,,,,,,,,,,,,,,,,,,,,,,,,,,,,,,,,
vale-gridded-fleece-tracksuit-black,Vale Gridded Fleece Tracksuit - Black,"<p data-start=""42"" data-end=""377"">Introducing the Trailberg Vale Gridded Fleece Tracksuit- a versatile essential built for warmth, comfort, and everyday performance. Designed using a technical gridded fleece, the Vale Tracksuit delivers lightweight insulation that traps heat while remaining breathable, making it ideal for active days outdoors or relaxed off-duty wear.</p>
<ul></ul>
<p data-start=""935"" data-end=""974"">This set comprises of the Vale Gridded Hood and Vale Gridded Pant.</p>",Trailberg,Apparel & Accessories > Clothing > Outfit Sets,TRACKSUITS,"2026Q1, bikers, Biking and Running, BUNDLE, BUNDLES, Hikers, Hiking, NEW IN, Outdoor, Runners, RUNNING, SET, SETS, Winter Sports",true,Size,XS,,,,,,,,VALE-GRIDDED-TRK-BLK-XS,800.0,shopify,deny,manual,140.00,,true,true,,,,,,https://cdn.shopify.com/s/files/1/0578/9217/5895/files/TRAILBERG_2701269330_042810fe-7230-43e1-b651-e584b7008618.jpg?v=1770824901,1,"",false,,,,,,vale-gridded-fleece-hood-black-grey; vale-gridded-fleece-pant-black,BVG,,,,,https://cdn.shopify.com/s/files/1/0578/9217/5895/files/Black.png?v=1751894382,vale-gridded-fleece-hood-black-grey; vale-gridded-fleece-pant-black,,,,,,,,,black,,,,,,rd2-hd-blk; rd2-pant-blk,,,,,g,,,true,,,true,,,true,,,true,,,true,,,true,,,true,,,active
vale-gridded-fleece-tracksuit-black,,,,,,,,,S,,,,,,,,VALE-GRIDDED-TRK-BLK-S,800.0,shopify,deny,manual,140.00,,true,true,,,,,,https://cdn.shopify.com/s/files/1/0578/9217/5895/files/TRAILBERG_2701269347.jpg?v=1770824901,2,"",,,,,,,,,,,,,,,,,,,,,,,,,,,,,,,,,,g,,,,,,,,,,,,,,,,,,,,,,,,
vale-gridded-fleece-tracksuit-black,,,,,,,,,M,,,,,,,,VALE-GRIDDED-TRK-BLK-M,800.0,shopify,deny,manual,140.00,,true,true,,,,,,https://cdn.shopify.com/s/files/1/0578/9217/5895/files/TRAILBERG_2701269334_0f40f08b-1e34-40d8-a199-73f070be24f2.jpg?v=1770824901,3,"",,,,,,,,,,,,,,,,,,,,,,,,,,,,,,,,,,g,,,,,,,,,,,,,,,,,,,,,,,,
vale-gridded-fleece-tracksuit-black,,,,,,,,,L,,,,,,,,VALE-GRIDDED-TRK-BLK-L,800.0,shopify,deny,manual,140.00,,true,true,,,,,,https://cdn.shopify.com/s/files/1/0578/9217/5895/files/TRAILBERG_2701269335_844150cf-c769-4371-85bb-f83babe92631.jpg?v=1770824901,4,"",,,,,,,,,,,,,,,,,,,,,,,,,,,,,,,,,,g,,,,,,,,,,,,,,,,,,,,,,,,
vale-gridded-fleece-tracksuit-black,,,,,,,,,XL,,,,,,,,VALE-GRIDDED-TRK-BLK-XL,800.0,shopify,deny,manual,140.00,,true,true,,,,,,https://cdn.shopify.com/s/files/1/0578/9217/5895/files/TRAILBERG_2701269333_1e809dbc-8200-4b0e-bd90-9842ee51ed08.jpg?v=1770824901,5,"",,,,,,,,,,,,,,,,,,,,,,,,,,,,,,,,,,g,,,,,,,,,,,,,,,,,,,,,,,,
vale-gridded-fleece-tracksuit-black,,,,,,,,,XXL,,,,,,,,VALE-GRIDDED-TRK-BLK-XXL,800.0,shopify,deny,manual,140.00,,true,true,,,,,,https://cdn.shopify.com/s/files/1/0578/9217/5895/files/TRAILBERG_2701269336_295b29cb-5129-4b85-ba81-daebf6cf2a36.jpg?v=1770824888,6,"",,,,,,,,,,,,,,,,,,,,,,,,,,,,,,,,,,g,,,,,,,,,,,,,,,,,,,,,,,,
vale-gridded-fleece-tracksuit-black,,,,,,,,,,,,,,,,,,,,,,,,,,,,,,,https://cdn.shopify.com/s/files/1/0578/9217/5895/files/TRAILBERG_2701269337_ebd808ec-2d4f-4c73-afac-3b56efd0bdf5.jpg?v=1770824889,7,"",,,,,,,,,,,,,,,,,,,,,,,,,,,,,,,,,,,,,,,,,,,,,,,,,,,,,,,,,,
vale-gridded-fleece-tracksuit-black,,,,,,,,,,,,,,,,,,,,,,,,,,,,,,,https://cdn.shopify.com/s/files/1/0578/9217/5895/files/TRAILBERG_2701269338_328be140-aa2e-41e0-9c98-07041b7992d9.jpg?v=1770824889,8,"",,,,,,,,,,,,,,,,,,,,,,,,,,,,,,,,,,,,,,,,,,,,,,,,,,,,,,,,,,
vale-gridded-fleece-tracksuit-black,,,,,,,,,,,,,,,,,,,,,,,,,,,,,,,https://cdn.shopify.com/s/files/1/0578/9217/5895/files/TRAILBERG_2701269340_bb99168e-8b4a-4179-aeb9-f3d4a89b8212.jpg?v=1770824890,9,"",,,,,,,,,,,,,,,,,,,,,,,,,,,,,,,,,,,,,,,,,,,,,,,,,,,,,,,,,,
vale-gridded-fleece-tracksuit-black,,,,,,,,,,,,,,,,,,,,,,,,,,,,,,,https://cdn.shopify.com/s/files/1/0578/9217/5895/files/TRAILBERG_2701269341_1c4e3fa2-2f25-494d-bef4-c0c6d596a56e.jpg?v=1770824889,10,"",,,,,,,,,,,,,,,,,,,,,,,,,,,,,,,,,,,,,,,,,,,,,,,,,,,,,,,,,,
vale-gridded-fleece-tracksuit-black,,,,,,,,,,,,,,,,,,,,,,,,,,,,,,,https://cdn.shopify.com/s/files/1/0578/9217/5895/files/TRAILBERG_2701269344_90e69b9b-5e39-470c-9712-dc476398ba1d.jpg?v=1770824889,11,"",,,,,,,,,,,,,,,,,,,,,,,,,,,,,,,,,,,,,,,,,,,,,,,,,,,,,,,,,,
caldera-gridded-fleece-tracksuit-black-grey,Caldera Gridded Fleece Tracksuit - Black/Grey,"<p data-start=""2218"" data-end=""2502"">The Trailberg Caldera Tracksuit combines the Caldera Fleece Hood and Pant into a complete outdoor-ready set built for hiking and everyday wear. Designed to deliver warmth, comfort and a cohesive outdoor look, this fleece tracksuit works seamlessly on the trail or during downtime.</p>
<p data-start=""2504"" data-end=""2799"">The fleece hood features a stretch-bound hood and zip pockets for secure, comfortable layering, while the matching pants offer soft insulation and practical storage. Finished with injection-moulded Trailberg branding, the Caldera Tracksuit delivers functional outdoor style with all-day comfort.</p>
<p data-start=""2801"" data-end=""2817"">Key Features</p>
<ul>
<li data-start=""2820"" data-end=""2883"">Outdoor fleece hood and pant set for hiking and everyday wear</li>
<li data-start=""2886"" data-end=""2941"">Soft, insulating fleece fabric for lightweight warmth</li>
<li data-start=""2944"" data-end=""3003"">Stretch binding at the hood for a secure, comfortable fit</li>
<li data-start=""3006"" data-end=""3045"">Secure zip pockets across both pieces</li>
<li data-start=""3048"" data-end=""3113"">Injection moulded Trailberg logos for a clean, technical finish</li>
</ul>
<p data-start=""3115"" data-end=""3184""><strong data-start=""3115"" data-end=""3129"">Ideal for:</strong> hiking, walking, outdoor travel and everyday layering.</p>",Trailberg,Apparel & Accessories > Clothing > Outfit Sets,TRACKSUITS,"2026Q1, bikers, Biking and Running, BUNDLE, BUNDLES, Hikers, Hiking, NEW IN, New In Test, Nosto New In Test, Outdoor, Runners, RUNNING, SET, SETS, Winter Sports",true,Size,XS,,,,,,,,CALDERA-TRK-BLK-XS,800.0,shopify,deny,manual,160.00,,true,true,,,,,,https://cdn.shopify.com/s/files/1/0578/9217/5895/files/TRAILBERG_2701269329.jpg?v=1772114263,1,"",false,,,,,,caldera-grid-fleece-hood-black-grey; caldera-outdoor-pant-volcano-grey,BVG,,,,,https://cdn.shopify.com/s/files/1/0578/9217/5895/files/Black.png?v=1751894382,caldera-gridded-fleece-tracksuit-storm-blue-deep-ocean; caldera-gridded-fleece-tracksuit-black-grey,,,,,,,,,black,,,,,,caldera-grid-fleece-hood-black-grey; caldera-outdoor-pant-volcano-grey,,,,,g,,,true,,,true,,,true,,,true,,,true,,,true,,,true,,,active
caldera-gridded-fleece-tracksuit-black-grey,,,,,,,,,S,,,,,,,,CALDERA-TRK-BLK-S,800.0,shopify,deny,manual,160.00,,true,true,,,,,,https://cdn.shopify.com/s/files/1/0578/9217/5895/files/TRAILBERG_2701269305_f1b63f48-1837-4fd4-9f2a-3b7b04e109dd.jpg?v=1772114263,2,"",,,,,,,,,,,,,,,,,,,,,,,,,,,,,,,,,,g,,,,,,,,,,,,,,,,,,,,,,,,
caldera-gridded-fleece-tracksuit-black-grey,,,,,,,,,M,,,,,,,,CALDERA-TRK-BLK-M,800.0,shopify,deny,manual,160.00,,true,true,,,,,,https://cdn.shopify.com/s/files/1/0578/9217/5895/files/TRAILBERG_2701269309_0c04db7a-eceb-47b1-9b30-ab3028e66054.jpg?v=1770824941,3,"",,,,,,,,,,,,,,,,,,,,,,,,,,,,,,,,,,g,,,,,,,,,,,,,,,,,,,,,,,,
caldera-gridded-fleece-tracksuit-black-grey,,,,,,,,,L,,,,,,,,CALDERA-TRK-BLK-L,800.0,shopify,deny,manual,160.00,,true,true,,,,,,https://cdn.shopify.com/s/files/1/0578/9217/5895/files/TRAILBERG_2701269310_273b876e-72de-4c90-8425-e4bf5a65fa8d.jpg?v=1770824939,4,"",,,,,,,,,,,,,,,,,,,,,,,,,,,,,,,,,,g,,,,,,,,,,,,,,,,,,,,,,,,
caldera-gridded-fleece-tracksuit-black-grey,,,,,,,,,XL,,,,,,,,CALDERA-TRK-BLK-XL,800.0,shopify,deny,manual,160.00,,true,true,,,,,,https://cdn.shopify.com/s/files/1/0578/9217/5895/files/TRAILBERG_2701269312_8f42fec3-9114-454e-a394-f5543543ff4a.jpg?v=1770824939,5,"",,,,,,,,,,,,,,,,,,,,,,,,,,,,,,,,,,g,,,,,,,,,,,,,,,,,,,,,,,,
caldera-gridded-fleece-tracksuit-black-grey,,,,,,,,,XXL,,,,,,,,CALDERA-TRK-BLK-XL,800.0,shopify,deny,manual,160.00,,true,true,,,,,,https://cdn.shopify.com/s/files/1/0578/9217/5895/files/TRAILBERG_2701269313_f41f6abc-45f7-4a4d-b9fe-df5ecab423a0.jpg?v=1770824940,6,"",,,,,,,,,,,,,,,,,,,,,,,,,,,,,,,,,,g,,,,,,,,,,,,,,,,,,,,,,,,
caldera-gridded-fleece-tracksuit-black-grey,,,,,,,,,,,,,,,,,,,,,,,,,,,,,,,https://cdn.shopify.com/s/files/1/0578/9217/5895/files/TRAILBERG_2701269314_04da901c-ba64-434d-a063-34c0ced982c9.jpg?v=1770824940,7,"",,,,,,,,,,,,,,,,,,,,,,,,,,,,,,,,,,,,,,,,,,,,,,,,,,,,,,,,,,
caldera-gridded-fleece-tracksuit-black-grey,,,,,,,,,,,,,,,,,,,,,,,,,,,,,,,https://cdn.shopify.com/s/files/1/0578/9217/5895/files/TRAILBERG_2701269316_2eed3cd9-002b-476e-bdaf-c8a8b623ec79.jpg?v=1770824941,8,"",,,,,,,,,,,,,,,,,,,,,,,,,,,,,,,,,,,,,,,,,,,,,,,,,,,,,,,,,,
caldera-gridded-fleece-tracksuit-black-grey,,,,,,,,,,,,,,,,,,,,,,,,,,,,,,,https://cdn.shopify.com/s/files/1/0578/9217/5895/files/TRAILBERG_2701269317.jpg?v=1770824939,9,"",,,,,,,,,,,,,,,,,,,,,,,,,,,,,,,,,,,,,,,,,,,,,,,,,,,,,,,,,,
caldera-gridded-fleece-tracksuit-black-grey,,,,,,,,,,,,,,,,,,,,,,,,,,,,,,,https://cdn.shopify.com/s/files/1/0578/9217/5895/files/TRAILBERG_2701269318_a3965a27-0a69-4188-a3cd-d08d5d31308a.jpg?v=1770824939,10,"",,,,,,,,,,,,,,,,,,,,,,,,,,,,,,,,,,,,,,,,,,,,,,,,,,,,,,,,,,
caldera-gridded-fleece-tracksuit-black-grey,,,,,,,,,,,,,,,,,,,,,,,,,,,,,,,https://cdn.shopify.com/s/files/1/0578/9217/5895/files/TRAILBERG_2701269322_8eafefeb-a9e5-43f0-8e66-74d9b5da8c28.jpg?v=1770824939,11,"",,,,,,,,,,,,,,,,,,,,,,,,,,,,,,,,,,,,,,,,,,,,,,,,,,,,,,,,,,
caldera-gridded-fleece-tracksuit-storm-blue-deep-ocean,Caldera Gridded Fleece Tracksuit - Storm Blue/Deep Ocean,"<p data-start=""2218"" data-end=""2502"">The Trailberg Caldera Tracksuit combines the Caldera Fleece Hood and Pant into a complete outdoor-ready set built for hiking and everyday wear. Designed to deliver warmth, comfort and a cohesive outdoor look, this fleece tracksuit works seamlessly on the trail or during downtime.</p>
<p data-start=""2504"" data-end=""2799"">The fleece hood features a stretch-bound hood and zip pockets for secure, comfortable layering, while the matching pants offer soft insulation and practical storage. Finished with injection-moulded Trailberg branding, the Caldera Tracksuit delivers functional outdoor style with all-day comfort.</p>
<p data-start=""2801"" data-end=""2817"">Key Features</p>
<ul>
<li data-start=""2820"" data-end=""2883"">Outdoor fleece hood and pant set for hiking and everyday wear</li>
<li data-start=""2886"" data-end=""2941"">Soft, insulating fleece fabric for lightweight warmth</li>
<li data-start=""2944"" data-end=""3003"">Stretch binding at the hood for a secure, comfortable fit</li>
<li data-start=""3006"" data-end=""3045"">Secure zip pockets across both pieces</li>
<li data-start=""3048"" data-end=""3113"">Injection moulded Trailberg logos for a clean, technical finish</li>
</ul>
<p data-start=""3115"" data-end=""3184""><strong data-start=""3115"" data-end=""3129"">Ideal for:</strong> hiking, walking, outdoor travel and everyday layering.</p>",Trailberg,Apparel & Accessories > Clothing > Outfit Sets,TRACKSUITS,"2026Q1, bikers, Biking and Running, BUNDLE, BUNDLES, Hikers, Hiking, NEW IN, New In Test, Nosto New In Test, Outdoor, Runners, RUNNING, SET, SETS, Winter Sports",true,Size,XS,,,,,,,,CALDERA-TRK-BLUE-XS,800.0,shopify,deny,manual,160.00,,true,true,,,,,,https://cdn.shopify.com/s/files/1/0578/9217/5895/files/TRAILBERG_2701269304.jpg?v=1772104688,1,"",false,,,,,,caldera-grid-fleece-hood-blue; caldera-outdoor-pant-deep-ocean,BVG,,,,,https://cdn.shopify.com/s/files/1/0578/9217/5895/files/DEEP_OCEAN.png?v=1753959141,caldera-gridded-fleece-tracksuit-black-grey; caldera-gridded-fleece-tracksuit-storm-blue-deep-ocean,,,,,,,,,navy,,,,,,caldera-grid-fleece-hood-blue; caldera-outdoor-pant-deep-ocean,,,,,g,,,true,,,true,,,true,,,true,,,true,,,true,,,true,,,active
caldera-gridded-fleece-tracksuit-storm-blue-deep-ocean,,,,,,,,,S,,,,,,,,CALDERA-TRK-BLUE-S,800.0,shopify,deny,manual,160.00,,true,true,,,,,,https://cdn.shopify.com/s/files/1/0578/9217/5895/files/TRAILBERG_2701269287_7b50f138-02c0-468d-8629-f269e73d9b0b.jpg?v=1772104688,2,"",,,,,,,,,,,,,,,,,,,,,,,,,,,,,,,,,,g,,,,,,,,,,,,,,,,,,,,,,,,
caldera-gridded-fleece-tracksuit-storm-blue-deep-ocean,,,,,,,,,M,,,,,,,,CALDERA-TRK-BLUE-M,800.0,shopify,deny,manual,160.00,,true,true,,,,,,https://cdn.shopify.com/s/files/1/0578/9217/5895/files/TRAILBERG_2701269289_f66d2c7b-a85b-4d9d-b0c9-3fcce8083de6.jpg?v=1770824984,3,"",,,,,,,,,,,,,,,,,,,,,,,,,,,,,,,,,,g,,,,,,,,,,,,,,,,,,,,,,,,
caldera-gridded-fleece-tracksuit-storm-blue-deep-ocean,,,,,,,,,L,,,,,,,,CALDERA-TRK-BLUE-L,800.0,shopify,deny,manual,160.00,,true,true,,,,,,https://cdn.shopify.com/s/files/1/0578/9217/5895/files/TRAILBERG_2701269290_fc086060-4de8-4537-9b4a-5f1907bd9132.jpg?v=1770824985,4,"",,,,,,,,,,,,,,,,,,,,,,,,,,,,,,,,,,g,,,,,,,,,,,,,,,,,,,,,,,,
caldera-gridded-fleece-tracksuit-storm-blue-deep-ocean,,,,,,,,,XL,,,,,,,,CALDERA-TRK-BLUE-XL,800.0,shopify,deny,manual,160.00,,true,true,,,,,,https://cdn.shopify.com/s/files/1/0578/9217/5895/files/TRAILBERG_2701269291_e65067a5-5f40-40b9-bcb7-e877bdb3a235.jpg?v=1770824986,5,"",,,,,,,,,,,,,,,,,,,,,,,,,,,,,,,,,,g,,,,,,,,,,,,,,,,,,,,,,,,
caldera-gridded-fleece-tracksuit-storm-blue-deep-ocean,,,,,,,,,XXL,,,,,,,,CALDERA-TRK-BLUE-XXL,800.0,shopify,deny,manual,160.00,,true,true,,,,,,https://cdn.shopify.com/s/files/1/0578/9217/5895/files/TRAILBERG_2701269292_a09b8b2b-97ae-4648-8903-15df6ff0c314.jpg?v=1770824986,6,"",,,,,,,,,,,,,,,,,,,,,,,,,,,,,,,,,,g,,,,,,,,,,,,,,,,,,,,,,,,
caldera-gridded-fleece-tracksuit-storm-blue-deep-ocean,,,,,,,,,,,,,,,,,,,,,,,,,,,,,,,https://cdn.shopify.com/s/files/1/0578/9217/5895/files/TRAILBERG_2701269293_756ae4f3-91c3-43af-8b82-9edc44b1fa80.jpg?v=1770824986,7,"",,,,,,,,,,,,,,,,,,,,,,,,,,,,,,,,,,,,,,,,,,,,,,,,,,,,,,,,,,
caldera-gridded-fleece-tracksuit-storm-blue-deep-ocean,,,,,,,,,,,,,,,,,,,,,,,,,,,,,,,https://cdn.shopify.com/s/files/1/0578/9217/5895/files/TRAILBERG_2701269294_4eb4ba3a-aab7-4ed2-bd57-a8cd9e8e08e4.jpg?v=1770824986,8,"",,,,,,,,,,,,,,,,,,,,,,,,,,,,,,,,,,,,,,,,,,,,,,,,,,,,,,,,,,
caldera-gridded-fleece-tracksuit-storm-blue-deep-ocean,,,,,,,,,,,,,,,,,,,,,,,,,,,,,,,https://cdn.shopify.com/s/files/1/0578/9217/5895/files/TRAILBERG_2701269295_3e33d913-d431-47ab-a13b-7be86fdfb1b3.jpg?v=1770824986,9,"",,,,,,,,,,,,,,,,,,,,,,,,,,,,,,,,,,,,,,,,,,,,,,,,,,,,,,,,,,
caldera-gridded-fleece-tracksuit-storm-blue-deep-ocean,,,,,,,,,,,,,,,,,,,,,,,,,,,,,,,https://cdn.shopify.com/s/files/1/0578/9217/5895/files/TRAILBERG_2701269297_0bc85a0a-62ec-40d2-8833-93a1ef3d1be0.jpg?v=1770824986,10,"",,,,,,,,,,,,,,,,,,,,,,,,,,,,,,,,,,,,,,,,,,,,,,,,,,,,,,,,,,
caldera-gridded-fleece-tracksuit-storm-blue-deep-ocean,,,,,,,,,,,,,,,,,,,,,,,,,,,,,,,https://cdn.shopify.com/s/files/1/0578/9217/5895/files/TRAILBERG_2701269298_2878d233-fa86-4d5b-abca-5408d6beb96c.jpg?v=1770824985,11,"",,,,,,,,,,,,,,,,,,,,,,,,,,,,,,,,,,,,,,,,,,,,,,,,,,,,,,,,,,
caldera-gridded-fleece-tracksuit-storm-blue-deep-ocean,,,,,,,,,,,,,,,,,,,,,,,,,,,,,,,https://cdn.shopify.com/s/files/1/0578/9217/5895/files/TRAILBERG_2701269299_02ef4792-8504-454e-9136-c720941f2061.jpg?v=1770824986,12,"",,,,,,,,,,,,,,,,,,,,,,,,,,,,,,,,,,,,,,,,,,,,,,,,,,,,,,,,,,
caldera-gridded-fleece-tracksuit-storm-blue-deep-ocean,,,,,,,,,,,,,,,,,,,,,,,,,,,,,,,https://cdn.shopify.com/s/files/1/0578/9217/5895/files/TRAILBERG_2701269301_9d865f57-4ac8-498f-adfe-051ff820d5fa.jpg?v=1770824986,13,"",,,,,,,,,,,,,,,,,,,,,,,,,,,,,,,,,,,,,,,,,,,,,,,,,,,,,,,,,,
rapid-dash-essentials-2-0-twinset-mocha,Rapid Dash Essentials 2.0 Twinset - Mocha,"<p data-start=""89"" data-end=""456"">The Rapid Dash Essentials 2.0 twinset combines the Rapid Dash Tee, designed for breathable, all-day wear, with the Essentials 2.0 Short, crafted for mobility and ease. Perfect for training sessions, weekend runs, or casual street style, this set keeps you cool, comfortable, and ready to move.</p>
<p data-start=""458"" data-end=""477"">Key Features:</p>
<ul>
<li data-start=""480"" data-end=""559"">Rapid Dash Tee: Lightweight, moisture-wicking fabric for all-day comfort.</li>
<li data-start=""562"" data-end=""649"">Essentials Short: Flexible fit with a secure waistband for unrestricted movement.</li>
<li data-start=""652"" data-end=""718"">Versatile Style: Designed to be worn together or separately.</li>
<li data-start=""721"" data-end=""795"">Performance-Ready: Ideal for workouts, athleisure, or everyday wear.</li>
</ul>
<p data-start=""559"" data-end=""680"" data-is-last-node="""" data-is-only-node="""">This set comprises of the Rapid Dash 2.0 Tee and the Essentials 2.0 Shorts.</p>",Trailberg,Apparel & Accessories > Clothing > Outfit Sets,TWINSETS,"2026Q1, badge_EXCLUSIVE, BUNDLE, BUNDLES, Connell, NEW IN, Nosto New In Test, Peak, Runners, RUNNING, RUNNING AND TRAINING, SET, SETS",true,Size,XS,,,,,,,,RAPID-DASH-ESS-TWIN-MOCHA-XS,400.0,shopify,deny,manual,67.00,,true,true,,,,,,https://cdn.shopify.com/s/files/1/0578/9217/5895/files/TRAILBERG_2001267470_33b03c55-cf32-488c-8a31-1dec5cf51b3f.jpg?v=1771252214,1,"",false,,,,,,essentials-2-short-mocha; rapid-dash-tee-mocha,,,,,,https://cdn.shopify.com/s/files/1/0578/9217/5895/files/pale_taupe.png?v=1752156425,rapid-dash-essentials-2-0-twinset-mocha; rapid-dash-essentials-2-0-twinset-volcano-grey-black,,,,,,,,,,,,,,,essentials-2-short-mocha; rapid-dash-tee-mocha,,,,,g,,,true,,,true,,,true,,,true,,,true,,,true,,,true,,,active
rapid-dash-essentials-2-0-twinset-mocha,,,,,,,,,S,,,,,,,,RAPID-DASH-ESS-TWIN-MOCHA-S,400.0,shopify,deny,manual,67.00,,true,true,,,,,,https://cdn.shopify.com/s/files/1/0578/9217/5895/files/TRAILBERG_2001267469_d1bc5f57-8351-4ce6-a144-c0c5e5690302.jpg?v=1771252214,2,"",,,,,,,,,,,,,,,,,,,,,,,,,,,,,,,,,,g,,,,,,,,,,,,,,,,,,,,,,,,
rapid-dash-essentials-2-0-twinset-mocha,,,,,,,,,M,,,,,,,,RAPID-DASH-ESS-TWIN-MOCHA-M,400.0,shopify,deny,manual,67.00,,true,true,,,,,,https://cdn.shopify.com/s/files/1/0578/9217/5895/files/TRAILBERG_2001267465_e2d198a0-3ba0-4ca4-9124-ce0edeadd87f.jpg?v=1771252214,3,"",,,,,,,,,,,,,,,,,,,,,,,,,,,,,,,,,,g,,,,,,,,,,,,,,,,,,,,,,,,
rapid-dash-essentials-2-0-twinset-mocha,,,,,,,,,L,,,,,,,,RAPID-DASH-ESS-TWIN-MOCHA-L,400.0,shopify,deny,manual,67.00,,true,true,,,,,,https://cdn.shopify.com/s/files/1/0578/9217/5895/files/TRAILBERG_2001267468_14f76436-5e9a-4c04-82ea-1418855f4ee1.jpg?v=1771252214,4,"",,,,,,,,,,,,,,,,,,,,,,,,,,,,,,,,,,g,,,,,,,,,,,,,,,,,,,,,,,,
rapid-dash-essentials-2-0-twinset-mocha,,,,,,,,,XL,,,,,,,,RAPID-DASH-ESS-TWIN-MOCHA-XL,400.0,shopify,deny,manual,67.00,,true,true,,,,,,https://cdn.shopify.com/s/files/1/0578/9217/5895/files/TRAILBERG_2001267471_47b96f56-11e9-4d28-84c3-6a33979029c3.jpg?v=1770825054,5,"",,,,,,,,,,,,,,,,,,,,,,,,,,,,,,,,,,g,,,,,,,,,,,,,,,,,,,,,,,,
rapid-dash-essentials-2-0-twinset-mocha,,,,,,,,,XXL,,,,,,,,RAPID-DASH-ESS-TWIN-MOCHA-XXL,400.0,shopify,deny,manual,67.00,,true,true,,,,,,https://cdn.shopify.com/s/files/1/0578/9217/5895/files/TRAILBERG_2001267473.jpg?v=1770825053,6,"",,,,,,,,,,,,,,,,,,,,,,,,,,,,,,,,,,g,,,,,,,,,,,,,,,,,,,,,,,,
rapid-dash-essentials-2-0-twinset-volcano-grey-black,Rapid Dash Essentials 2.0 Twinset - Volcano Grey/Black,"<p data-start=""89"" data-end=""456"">The Rapid Dash Essentials 2.0 twinset combines the Rapid Dash Tee, designed for breathable, all-day wear, with the Essentials 2.0 Short, crafted for mobility and ease. Perfect for training sessions, weekend runs, or casual street style, this set keeps you cool, comfortable, and ready to move.</p>
<p data-start=""458"" data-end=""477"">Key Features:</p>
<ul>
<li data-start=""480"" data-end=""559"">Rapid Dash Tee: Lightweight, moisture-wicking fabric for all-day comfort.</li>
<li data-start=""562"" data-end=""649"">Essentials Short: Flexible fit with a secure waistband for unrestricted movement.</li>
<li data-start=""652"" data-end=""718"">Versatile Style: Designed to be worn together or separately.</li>
<li data-start=""721"" data-end=""795"">Performance-Ready: Ideal for workouts, athleisure, or everyday wear.</li>
</ul>
<p data-start=""559"" data-end=""680"" data-is-last-node="""" data-is-only-node="""">This set comprises of the Rapid Dash 2.0 Tee and the Essentials 2.0 Shorts.</p>",Trailberg,Apparel & Accessories > Clothing > Outfit Sets,TWINSETS,"2026Q1, badge_EXCLUSIVE, BUNDLE, BUNDLES, Connell, NEW IN, Nosto New In Test, Peak, Runners, RUNNING, SET, SETS",true,Size,XS,,,,,,,,RAPID-DASH-ESS-TWIN-BLK-XS,400.0,shopify,deny,manual,67.00,,true,true,,,,,,https://cdn.shopify.com/s/files/1/0578/9217/5895/files/TRAILBERG_2001267470_675d60b8-7de5-4600-be16-cb4a08e733af.jpg?v=1771252199,1,"",false,,,,,,essentials-2-0-short-black; rapid-dash-tee-black,,,,,,https://cdn.shopify.com/s/files/1/0578/9217/5895/files/Black.png?v=1751894382,rapid-dash-essentials-2-0-twinset-mocha; rapid-dash-essentials-2-0-twinset-volcano-grey-black,,,,,,,,,,,,,,,essentials-2-0-short-black; rapid-dash-tee-black,,,,,g,,,true,,,true,,,true,,,true,,,true,,,true,,,true,,,active
rapid-dash-essentials-2-0-twinset-volcano-grey-black,,,,,,,,,S,,,,,,,,RAPID-DASH-ESS-TWIN-BLK-S,400.0,shopify,deny,manual,67.00,,true,true,,,,,,https://cdn.shopify.com/s/files/1/0578/9217/5895/files/TRAILBERG_2001267473_3c219f01-bf90-472f-94ce-dfecef6e334d.jpg?v=1771252199,2,"",,,,,,,,,,,,,,,,,,,,,,,,,,,,,,,,,,g,,,,,,,,,,,,,,,,,,,,,,,,
rapid-dash-essentials-2-0-twinset-volcano-grey-black,,,,,,,,,M,,,,,,,,RAPID-DASH-ESS-TWIN-BLK-M,400.0,shopify,deny,manual,67.00,,true,true,,,,,,https://cdn.shopify.com/s/files/1/0578/9217/5895/files/TRAILBERG_2001267465_aec6335d-f6e7-4216-9953-1144a9e07736.jpg?v=1771252199,3,"",,,,,,,,,,,,,,,,,,,,,,,,,,,,,,,,,,g,,,,,,,,,,,,,,,,,,,,,,,,
rapid-dash-essentials-2-0-twinset-volcano-grey-black,,,,,,,,,L,,,,,,,,RAPID-DASH-ESS-TWIN-BLK-L,400.0,shopify,deny,manual,67.00,,true,true,,,,,,https://cdn.shopify.com/s/files/1/0578/9217/5895/files/TRAILBERG_2001267466.jpg?v=1771252199,4,"",,,,,,,,,,,,,,,,,,,,,,,,,,,,,,,,,,g,,,,,,,,,,,,,,,,,,,,,,,,
rapid-dash-essentials-2-0-twinset-volcano-grey-black,,,,,,,,,XL,,,,,,,,RAPID-DASH-ESS-TWIN-BLK-XL,400.0,shopify,deny,manual,67.00,,true,true,,,,,,https://cdn.shopify.com/s/files/1/0578/9217/5895/files/TRAILBERG_2001267468_05fb062b-1510-429e-8583-b421b91f6204.jpg?v=1771252199,5,"",,,,,,,,,,,,,,,,,,,,,,,,,,,,,,,,,,g,,,,,,,,,,,,,,,,,,,,,,,,
rapid-dash-essentials-2-0-twinset-volcano-grey-black,,,,,,,,,XXL,,,,,,,,RAPID-DASH-ESS-TWIN-BLK-XXL,400.0,shopify,deny,manual,67.00,,true,true,,,,,,https://cdn.shopify.com/s/files/1/0578/9217/5895/files/TRAILBERG_2001267469_4f1ed3e6-5216-4fac-8ca4-d881a523ac77.jpg?v=1771252199,6,"",,,,,,,,,,,,,,,,,,,,,,,,,,,,,,,,,,g,,,,,,,,,,,,,,,,,,,,,,,,
rapid-dash-essentials-2-0-twinset-volcano-grey-black,,,,,,,,,,,,,,,,,,,,,,,,,,,,,,,https://cdn.shopify.com/s/files/1/0578/9217/5895/files/TRAILBERG_2001267471_7e249600-e33a-4ab6-8b1a-cc70a25ea905.jpg?v=1770825288,7,"",,,,,,,,,,,,,,,,,,,,,,,,,,,,,,,,,,,,,,,,,,,,,,,,,,,,,,,,,,
rapid-dash-essentials-2-0-twinset-volcano-grey-black,,,,,,,,,,,,,,,,,,,,,,,,,,,,,,,https://cdn.shopify.com/s/files/1/0578/9217/5895/files/TRAILBERG_2001267472_38e262f5-8891-4bbc-8c5a-35e7c4f45823.jpg?v=1770825288,8,"",,,,,,,,,,,,,,,,,,,,,,,,,,,,,,,,,,,,,,,,,,,,,,,,,,,,,,,,,,
rapid-dash-seamless-twinset-mocha,Rapid Dash Seamless Twinset - Mocha,"<p data-start=""89"" data-end=""456"">The Rapid Dash Seamless Twinset combines the Rapid Dash Tee, designed for breathable, all-day wear, with the Essentials 2.0 Short, crafted for mobility and ease. Perfect for training sessions, weekend runs, or casual street style, this set keeps you cool, comfortable, and ready to move.</p>
<p data-start=""458"" data-end=""477"">Key Features:</p>
<ul>
<li data-start=""480"" data-end=""559"">Rapid Dash Seamless Tee: Lightweight, Seamless fabric for all-day comfort.</li>
<li data-start=""562"" data-end=""649"">Essentials Short: Flexible fit with a secure waistband for unrestricted movement.</li>
<li data-start=""652"" data-end=""718"">Versatile Style: Designed to be worn together or separately.</li>
<li data-start=""721"" data-end=""795"">Performance-Ready: Ideal for workouts, athleisure, or everyday wear.</li>
</ul>
<p data-start=""559"" data-end=""680"" data-is-last-node="""" data-is-only-node="""">This set comprises of the Rapid Dash Seamless Tee and the Essentials 2.0 Shorts.</p>",Trailberg,Apparel & Accessories > Clothing > Outfit Sets,TWINSETS,"2026Q1, badge_EXCLUSIVE, BESTSELLER, BUNDLE, BUNDLES, Connell, NEW IN, Nosto New In Test, Peak, Runners, RUNNING, RUNNING AND TRAINING, SET, SETS",true,Size,XS,,,,,,,,RD-SEAMLESS-TWIN-MOCHA-XS,400.0,shopify,deny,manual,70.00,,true,true,,,,,,https://cdn.shopify.com/s/files/1/0578/9217/5895/files/TRAILBERG_2001267438_56d433e9-95f9-4362-87b0-cb080d5173a3.jpg?v=1771252189,1,"",false,,,,,,essentials-2-short-mocha; rapid-dash-seamless-tee-mocha,,,,,,https://cdn.shopify.com/s/files/1/0578/9217/5895/files/pale_taupe.png?v=1752156425,rapid-dash-seamless-twinset-mocha; rapid-dash-seamless-twinset-volcano-grey-black; rapid-dash-seamless-twinset-voltage-blue,,,,,,,,,,,,,,,essentials-2-short-mocha; rapid-dash-seamless-tee-mocha,,,,,g,,,true,,,true,,,true,,,true,,,true,,,true,,,true,,,active
rapid-dash-seamless-twinset-mocha,,,,,,,,,S,,,,,,,,RD-SEAMLESS-TWIN-MOCHA-S,400.0,shopify,deny,manual,70.00,,true,true,,,,,,https://cdn.shopify.com/s/files/1/0578/9217/5895/files/TRAILBERG_2001267443.jpg?v=1771252189,2,"",,,,,,,,,,,,,,,,,,,,,,,,,,,,,,,,,,g,,,,,,,,,,,,,,,,,,,,,,,,
rapid-dash-seamless-twinset-mocha,,,,,,,,,M,,,,,,,,RD-SEAMLESS-TWIN-MOCHA-M,400.0,shopify,deny,manual,70.00,,true,true,,,,,,https://cdn.shopify.com/s/files/1/0578/9217/5895/files/TRAILBERG_2001267439_f8b53658-7229-46d0-b1b3-1b1e1580119f.jpg?v=1771252189,3,"",,,,,,,,,,,,,,,,,,,,,,,,,,,,,,,,,,g,,,,,,,,,,,,,,,,,,,,,,,,
rapid-dash-seamless-twinset-mocha,,,,,,,,,L,,,,,,,,RD-SEAMLESS-TWIN-MOCHA-L,400.0,shopify,deny,manual,70.00,,true,true,,,,,,https://cdn.shopify.com/s/files/1/0578/9217/5895/files/TRAILBERG_2001267432_e342004f-9ff0-4434-b900-93d8e075f9f2.jpg?v=1771252189,4,"",,,,,,,,,,,,,,,,,,,,,,,,,,,,,,,,,,g,,,,,,,,,,,,,,,,,,,,,,,,
rapid-dash-seamless-twinset-mocha,,,,,,,,,XL,,,,,,,,RD-SEAMLESS-TWIN-MOCHA-XL,400.0,shopify,deny,manual,70.00,,true,true,,,,,,https://cdn.shopify.com/s/files/1/0578/9217/5895/files/TRAILBERG_2001267434.jpg?v=1771252189,5,"",,,,,,,,,,,,,,,,,,,,,,,,,,,,,,,,,,g,,,,,,,,,,,,,,,,,,,,,,,,
rapid-dash-seamless-twinset-mocha,,,,,,,,,XXL,,,,,,,,RD-SEAMLESS-TWIN-MOCHA-XXL,400.0,shopify,deny,manual,70.00,,true,true,,,,,,https://cdn.shopify.com/s/files/1/0578/9217/5895/files/TRAILBERG_2001267436_9659b7f7-7792-4ec4-a52e-5dc4b9bd297b.jpg?v=1771252189,6,"",,,,,,,,,,,,,,,,,,,,,,,,,,,,,,,,,,g,,,,,,,,,,,,,,,,,,,,,,,,
rapid-dash-seamless-twinset-mocha,,,,,,,,,,,,,,,,,,,,,,,,,,,,,,,https://cdn.shopify.com/s/files/1/0578/9217/5895/files/TRAILBERG_2001267437_eb389f57-7071-4301-8983-7f35cae10a60.jpg?v=1771252189,7,"",,,,,,,,,,,,,,,,,,,,,,,,,,,,,,,,,,,,,,,,,,,,,,,,,,,,,,,,,,
rapid-dash-seamless-twinset-volcano-grey-black,Rapid Dash Seamless Twinset - Volcano Grey/Black,"<p data-start=""89"" data-end=""456"">The Rapid Dash Seamless Twinset combines the Rapid Dash Tee, designed for breathable, all-day wear, with the Essentials 2.0 Short, crafted for mobility and ease. Perfect for training sessions, weekend runs, or casual street style, this set keeps you cool, comfortable, and ready to move.</p>
<p data-start=""458"" data-end=""477"">Key Features:</p>
<ul>
<li data-start=""480"" data-end=""559"">Rapid Dash Seamless Tee: Lightweight, Seamless fabric for all-day comfort.</li>
<li data-start=""562"" data-end=""649"">Essentials Short: Flexible fit with a secure waistband for unrestricted movement.</li>
<li data-start=""652"" data-end=""718"">Versatile Style: Designed to be worn together or separately.</li>
<li data-start=""721"" data-end=""795"">Performance-Ready: Ideal for workouts, athleisure, or everyday wear.</li>
</ul>
<p data-start=""559"" data-end=""680"" data-is-last-node="""" data-is-only-node="""">This set comprises of the Rapid Dash Seamless Tee and the Essentials 2.0 Shorts.</p>",Trailberg,Apparel & Accessories > Clothing > Outfit Sets,TWINSETS,"2026Q1, badge_EXCLUSIVE, BESTSELLER, BUNDLE, BUNDLES, Connell, exclude from Shoptimise feed, NEW IN, Nosto New In Test, Peak, Runners, RUNNING, RUNNING AND TRAINING, SET, SETS",true,Size,XS,,,,,,,,RD-SEAMLESS-TWIN-BLK-XS,400.0,shopify,deny,manual,70.00,,true,true,,,,,,https://cdn.shopify.com/s/files/1/0578/9217/5895/files/TRAILBERG_2001267482_e8196d60-e3f0-4e66-98c8-8761120a976f.jpg?v=1771252178,1,"",false,,,,,,rapid-dash-seamless-tee-black-grey; essentials-2-0-short-black,,,,,,https://cdn.shopify.com/s/files/1/0578/9217/5895/files/Black.png?v=1751894382,rapid-dash-seamless-twinset-mocha; rapid-dash-seamless-twinset-volcano-grey-black; rapid-dash-seamless-twinset-voltage-blue,,,,,,,,,,,,,,,rapid-dash-seamless-tee-black-grey; essentials-2-0-short-black,,,,,g,,,true,,,true,,,true,,,true,,,true,,,true,,,true,,,active
rapid-dash-seamless-twinset-volcano-grey-black,,,,,,,,,S,,,,,,,,RD-SEAMLESS-TWIN-BLK-S,400.0,shopify,deny,manual,70.00,,true,true,,,,,,https://cdn.shopify.com/s/files/1/0578/9217/5895/files/TRAILBERG_2001267481_663fc941-ab2b-4998-a818-3f7dbd2f08ed.jpg?v=1771252178,2,"",,,,,,,,,,,,,,,,,,,,,,,,,,,,,,,,,,g,,,,,,,,,,,,,,,,,,,,,,,,
rapid-dash-seamless-twinset-volcano-grey-black,,,,,,,,,M,,,,,,,,RD-SEAMLESS-TWIN-BLK-M,400.0,shopify,deny,manual,70.00,,true,true,,,,,,https://cdn.shopify.com/s/files/1/0578/9217/5895/files/TRAILBERG_2001267483_7704c943-b20a-44d6-8273-e411527e1746.jpg?v=1771252178,3,"",,,,,,,,,,,,,,,,,,,,,,,,,,,,,,,,,,g,,,,,,,,,,,,,,,,,,,,,,,,
rapid-dash-seamless-twinset-volcano-grey-black,,,,,,,,,L,,,,,,,,RD-SEAMLESS-TWIN-BLK-L,400.0,shopify,deny,manual,70.00,,true,true,,,,,,https://cdn.shopify.com/s/files/1/0578/9217/5895/files/TRAILBERG_2001267476_9c733543-9feb-43d1-a8f9-0c6d85574cb1.jpg?v=1771252178,4,"",,,,,,,,,,,,,,,,,,,,,,,,,,,,,,,,,,g,,,,,,,,,,,,,,,,,,,,,,,,
rapid-dash-seamless-twinset-volcano-grey-black,,,,,,,,,XL,,,,,,,,RD-SEAMLESS-TWIN-BLK-XL,400.0,shopify,deny,manual,70.00,,true,true,,,,,,https://cdn.shopify.com/s/files/1/0578/9217/5895/files/TRAILBERG_2001267479_38bba488-7726-4eb7-8ae3-a423a6f2b1e4.jpg?v=1771252178,5,"",,,,,,,,,,,,,,,,,,,,,,,,,,,,,,,,,,g,,,,,,,,,,,,,,,,,,,,,,,,
rapid-dash-seamless-twinset-volcano-grey-black,,,,,,,,,XXL,,,,,,,,RD-SEAMLESS-TWIN-BLK-XXL,400.0,shopify,deny,manual,70.00,,true,true,,,,,,https://cdn.shopify.com/s/files/1/0578/9217/5895/files/TRAILBERG_2001267477.jpg?v=1771252178,6,"",,,,,,,,,,,,,,,,,,,,,,,,,,,,,,,,,,g,,,,,,,,,,,,,,,,,,,,,,,,
rapid-dash-seamless-twinset-voltage-blue,Rapid Dash Seamless Twinset - Voltage Blue,"<p data-start=""89"" data-end=""456"">The Rapid Dash Seamless Twinset combines the Rapid Dash Tee, designed for breathable, all-day wear, with the Essentials 2.0 Short, crafted for mobility and ease. Perfect for training sessions, weekend runs, or casual street style, this set keeps you cool, comfortable, and ready to move.</p>
<p data-start=""458"" data-end=""477"">Key Features:</p>
<ul>
<li data-start=""480"" data-end=""559"">Rapid Dash Seamless Tee: Lightweight, Seamless fabric for all-day comfort.</li>
<li data-start=""562"" data-end=""649"">Essentials Short: Flexible fit with a secure waistband for unrestricted movement.</li>
<li data-start=""652"" data-end=""718"">Versatile Style: Designed to be worn together or separately.</li>
<li data-start=""721"" data-end=""795"">Performance-Ready: Ideal for workouts, athleisure, or everyday wear.</li>
</ul>
<p data-start=""559"" data-end=""680"" data-is-last-node="""" data-is-only-node="""">This set comprises of the Rapid Dash Seamless Tee and the Essentials 2.0 Shorts.</p>",Trailberg,Apparel & Accessories > Clothing > Outfit Sets,TWINSETS,"2026Q1, badge_EXCLUSIVE, BESTSELLER, BUNDLE, BUNDLES, Connell, NEW IN, Nosto New In Test, Peak, Runners, RUNNING, SET, SETS",true,Size,XS,,,,,,,,RD-SEAMLESS-TWIN-BLUE-XS,400.0,shopify,deny,manual,70.00,,true,true,,,,,,https://cdn.shopify.com/s/files/1/0578/9217/5895/files/TRAILBERG_2001267408_008396be-7e02-40c5-aa92-4e2213e1a919.jpg?v=1771252164,1,"",false,,,,,,rapid-dash-seamless-tee-blue; essentials-2-short-voltage-blue,,,,,,,rapid-dash-seamless-twinset-mocha; rapid-dash-seamless-twinset-volcano-grey-black; rapid-dash-seamless-twinset-voltage-blue,,,,,,,,,,,,,,,rapid-dash-seamless-tee-blue; essentials-2-short-voltage-blue,,,,,g,,,true,,,true,,,true,,,true,,,true,,,true,,,true,,,active
rapid-dash-seamless-twinset-voltage-blue,,,,,,,,,S,,,,,,,,RD-SEAMLESS-TWIN-BLUE-S,400.0,shopify,deny,manual,70.00,,true,true,,,,,,https://cdn.shopify.com/s/files/1/0578/9217/5895/files/TRAILBERG_2001267415_25164c90-7130-423a-8e37-153ac192ed61.jpg?v=1771252164,2,"",,,,,,,,,,,,,,,,,,,,,,,,,,,,,,,,,,g,,,,,,,,,,,,,,,,,,,,,,,,
rapid-dash-seamless-twinset-voltage-blue,,,,,,,,,M,,,,,,,,RD-SEAMLESS-TWIN-BLUE-M,400.0,shopify,deny,manual,70.00,,true,true,,,,,,https://cdn.shopify.com/s/files/1/0578/9217/5895/files/TRAILBERG_2001267403_52fb4b82-4671-4803-bb8b-90dfce0b2c70.jpg?v=1771252164,3,"",,,,,,,,,,,,,,,,,,,,,,,,,,,,,,,,,,g,,,,,,,,,,,,,,,,,,,,,,,,
rapid-dash-seamless-twinset-voltage-blue,,,,,,,,,L,,,,,,,,RD-SEAMLESS-TWIN-BLUE-L,400.0,shopify,deny,manual,70.00,,true,true,,,,,,https://cdn.shopify.com/s/files/1/0578/9217/5895/files/TRAILBERG_2001267405_63f9a934-9146-44f6-bdab-c21ab6f09d7f.jpg?v=1771252164,4,"",,,,,,,,,,,,,,,,,,,,,,,,,,,,,,,,,,g,,,,,,,,,,,,,,,,,,,,,,,,
rapid-dash-seamless-twinset-voltage-blue,,,,,,,,,XL,,,,,,,,RD-SEAMLESS-TWIN-BLUE-XL,400.0,shopify,deny,manual,70.00,,true,true,,,,,,https://cdn.shopify.com/s/files/1/0578/9217/5895/files/TRAILBERG_2001267406_be3d07fa-0d71-4b1d-b9f0-2c0a556606ab.jpg?v=1771252164,5,"",,,,,,,,,,,,,,,,,,,,,,,,,,,,,,,,,,g,,,,,,,,,,,,,,,,,,,,,,,,
rapid-dash-seamless-twinset-voltage-blue,,,,,,,,,XXL,,,,,,,,RD-SEAMLESS-TWIN-BLUE-XXL,400.0,shopify,deny,manual,70.00,,true,true,,,,,,https://cdn.shopify.com/s/files/1/0578/9217/5895/files/TRAILBERG_2001267409_31caeed1-da2b-4467-91ca-b0c656db08d9.jpg?v=1770825149,6,"",,,,,,,,,,,,,,,,,,,,,,,,,,,,,,,,,,g,,,,,,,,,,,,,,,,,,,,,,,,
rapid-dash-seamless-twinset-voltage-blue,,,,,,,,,,,,,,,,,,,,,,,,,,,,,,,https://cdn.shopify.com/s/files/1/0578/9217/5895/files/TRAILBERG_2001267410_a82fd921-29b6-4a5c-90f2-6225ee9297d0.jpg?v=1770825149,7,"",,,,,,,,,,,,,,,,,,,,,,,,,,,,,,,,,,,,,,,,,,,,,,,,,,,,,,,,,,
rapid-dash-seamless-twinset-voltage-blue,,,,,,,,,,,,,,,,,,,,,,,,,,,,,,,https://cdn.shopify.com/s/files/1/0578/9217/5895/files/TRAILBERG_2001267411_f65374cb-e648-4e2b-8a07-590696dbe493.jpg?v=1770825149,8,"",,,,,,,,,,,,,,,,,,,,,,,,,,,,,,,,,,,,,,,,,,,,,,,,,,,,,,,,,,
rapid-dash-seamless-twinset-voltage-blue,,,,,,,,,,,,,,,,,,,,,,,,,,,,,,,https://cdn.shopify.com/s/files/1/0578/9217/5895/files/TRAILBERG_2001267413_dfde44f3-f1f8-4396-ae18-1c24c38bb81d.jpg?v=1770825149,9,"",,,,,,,,,,,,,,,,,,,,,,,,,,,,,,,,,,,,,,,,,,,,,,,,,,,,,,,,,,
odyssey-2-0-outdoor-windset-graphite-grey,Odyssey 2.0 Outdoor Windset - Graphite Grey,"<p data-end=""697"" data-start=""326"">Designed for adaptability across changing environments, the Trailberg Odyssey Windset pairs a lightweight technical hood with streamlined shorts for complete multi-terrain functionality. Built with 4-way stretch grid fabric throughout, the set delivers unrestricted movement, breathable comfort and practical storage for active days on and off the trail.</p>
<p data-end=""1120"" data-start=""699"">Engineered for hiking, training and active travel, the Odyssey Hood provides weather resistance with a DWR finish and enhanced airflow through power mesh ventilation, while the Odyssey 2.0 shorts offers a comfortable fit with zip cargo style pockets for all-day comfort across varied terrain. Secure zipped pockets and reflective detailing across both pieces ensure performance, practicality and visibility in low-light conditions.</p>
<p data-end=""1139"" data-start=""1122""><strong>Key Features</strong></p>
<ul>
<li data-end=""1213"" data-start=""1142"">Lightweight technical hood and pant set for multi-terrain outdoor use</li>
<li data-end=""1285"" data-start=""1216"">4-way stretch grid fabric for flexibility and unrestricted movement</li>
<li data-end=""1351"" data-start=""1288"">Power mesh ventilation on the hood for enhanced breathability</li>
<li data-end=""1421"" data-start=""1354"">Durable water-repellent (DWR) finish for light weather protection</li>
<li data-end=""1492"" data-start=""1424"">Zipped pockets on the short and secure zip pockets on the hood<br>
</li>
<li data-end=""1635"" data-start=""1567"">Elasticated waistband with branded drawcord for a personalised fit</li>
<li data-end=""1696"" data-start=""1638"">Flat elastic hood and cuffs for a streamlined silhouette</li>
<li data-end=""1764"" data-start=""1699"">Reflective branding across both pieces for increased visibility</li>
</ul>
<p data-end=""1851"" data-start=""1766""><strong data-end=""1780"" data-start=""1766"">Ideal for:</strong> hiking, outdoor training, active travel and everyday performance wear.</p>",Trailberg,Apparel & Accessories > Clothing > Outfit Sets,WINDSETS,"2026Q1, bikers, Biking and Running, BUNDLE, BUNDLES, Hikers, Hiking, NEW IN, New In Test, ODYSSEY, Outdoor, Runners, SET, SETS, test bundles, Winter Sports",true,Size,XS,,,,,,,,ODYSSEY-WINDSET-XS,800.0,shopify,deny,manual,125.00,,true,true,,,,,,https://cdn.shopify.com/s/files/1/0578/9217/5895/files/TRAILBERG_2001267697_8aab844f-5274-402a-8d44-3872489558c4.jpg?v=1772101442,1,"",false,,,,,,odyssey-2-hood-grey; odyssey-2-short-graphite-grey,,,,,,https://cdn.shopify.com/s/files/1/0578/9217/5895/files/volcano_grey.png?v=1761130864,,,,,,,,,,grey-1,,,,,,odyssey-2-hood-grey; odyssey-2-short-graphite-grey,,ahead,,,g,,,true,,,true,,,true,,,true,,,true,,,true,,,true,,,active
odyssey-2-0-outdoor-windset-graphite-grey,,,,,,,,,S,,,,,,,,ODYSSEY-WINDSET-S,800.0,shopify,deny,manual,125.00,,true,true,,,,,,https://cdn.shopify.com/s/files/1/0578/9217/5895/files/TRAILBERG_2001267700_135dc8cf-d9ed-489f-9c8f-472f97ef9b11.jpg?v=1772101442,2,"",,,,,,,,,,,,,,,,,,,,,,,,,,,,,,,,,,g,,,,,,,,,,,,,,,,,,,,,,,,
odyssey-2-0-outdoor-windset-graphite-grey,,,,,,,,,M,,,,,,,,ODYSSEY-WINDSET-M,800.0,shopify,deny,manual,125.00,,true,true,,,,,,https://cdn.shopify.com/s/files/1/0578/9217/5895/files/TRAILBERG_2001267686_07988999-d5c0-4ff5-8b3a-0b1afbf9e509.jpg?v=1772101442,3,"",,,,,,,,,,,,,,,,,,,,,,,,,,,,,,,,,,g,,,,,,,,,,,,,,,,,,,,,,,,
odyssey-2-0-outdoor-windset-graphite-grey,,,,,,,,,L,,,,,,,,ODYSSEY-WINDSET-L,800.0,shopify,deny,manual,125.00,,true,true,,,,,,https://cdn.shopify.com/s/files/1/0578/9217/5895/files/TRAILBERG_2001267687_66ffcf7d-15a6-481b-bccc-33c243788c77.jpg?v=1772101442,4,"",,,,,,,,,,,,,,,,,,,,,,,,,,,,,,,,,,g,,,,,,,,,,,,,,,,,,,,,,,,
odyssey-2-0-outdoor-windset-graphite-grey,,,,,,,,,XL,,,,,,,,ODYSSEY-WINDSET-XL,800.0,shopify,deny,manual,125.00,,true,true,,,,,,https://cdn.shopify.com/s/files/1/0578/9217/5895/files/TRAILBERG_2001267688_324daf71-b0f6-4e50-81f3-596667913a85.jpg?v=1772101442,5,"",,,,,,,,,,,,,,,,,,,,,,,,,,,,,,,,,,g,,,,,,,,,,,,,,,,,,,,,,,,
odyssey-2-0-outdoor-windset-graphite-grey,,,,,,,,,XXL,,,,,,,,ODYSSEY-WINDSET-XXL,800.0,shopify,deny,manual,125.00,,true,true,,,,,,https://cdn.shopify.com/s/files/1/0578/9217/5895/files/TRAILBERG_2001267689_1f8387e0-0062-4d01-a205-5fd43920b9b9.jpg?v=1772101442,6,"",,,,,,,,,,,,,,,,,,,,,,,,,,,,,,,,,,g,,,,,,,,,,,,,,,,,,,,,,,,
odyssey-2-0-outdoor-windset-graphite-grey,,,,,,,,,,,,,,,,,,,,,,,,,,,,,,,https://cdn.shopify.com/s/files/1/0578/9217/5895/files/TRAILBERG_2001267690_c054fa65-7367-4937-858b-808cdc233f04.jpg?v=1772101442,7,"",,,,,,,,,,,,,,,,,,,,,,,,,,,,,,,,,,,,,,,,,,,,,,,,,,,,,,,,,,
odyssey-2-0-outdoor-windset-graphite-grey,,,,,,,,,,,,,,,,,,,,,,,,,,,,,,,https://cdn.shopify.com/s/files/1/0578/9217/5895/files/TRAILBERG_2001267701_daefad49-4067-4459-90ab-46ca57278412.jpg?v=1772101442,8,"",,,,,,,,,,,,,,,,,,,,,,,,,,,,,,,,,,,,,,,,,,,,,,,,,,,,,,,,,,
odyssey-2-0-outdoor-windset-graphite-grey,,,,,,,,,,,,,,,,,,,,,,,,,,,,,,,https://cdn.shopify.com/s/files/1/0578/9217/5895/files/TRAILBERG_2001267703_d9a67720-02f3-40af-a832-428f69c8b74d.jpg?v=1772101442,9,"",,,,,,,,,,,,,,,,,,,,,,,,,,,,,,,,,,,,,,,,,,,,,,,,,,,,,,,,,,
odyssey-2-0-outdoor-windset-graphite-grey,,,,,,,,,,,,,,,,,,,,,,,,,,,,,,,https://cdn.shopify.com/s/files/1/0578/9217/5895/files/TRAILBERG_2001267704_68549428-0aa1-4a90-b26a-c454e2d49331.jpg?v=1772101442,10,"",,,,,,,,,,,,,,,,,,,,,,,,,,,,,,,,,,,,,,,,,,,,,,,,,,,,,,,,,,
odyssey-2-0-outdoor-windset-graphite-grey,,,,,,,,,,,,,,,,,,,,,,,,,,,,,,,https://cdn.shopify.com/s/files/1/0578/9217/5895/files/TRAILBERG_2001267705_5ef135b7-a72b-40d0-b592-7931c736e725.jpg?v=1772101442,11,"",,,,,,,,,,,,,,,,,,,,,,,,,,,,,,,,,,,,,,,,,,,,,,,,,,,,,,,,,,
odyssey-2-0-outdoor-windset-graphite-grey,,,,,,,,,,,,,,,,,,,,,,,,,,,,,,,https://cdn.shopify.com/s/files/1/0578/9217/5895/files/TRAILBERG_2001267707_62dfa2e7-e07d-4e33-949e-79e0d35c9373.jpg?v=1772101442,12,"",,,,,,,,,,,,,,,,,,,,,,,,,,,,,,,,,,,,,,,,,,,,,,,,,,,,,,,,,,
edgebound-3-pack-sock-white,Edgebound 3 Pack Sock - White,"<p>Essential Comfort, Everyday Performance</p>
<p>Step into all-day comfort with the Underpin Socks by Trailberg. Designed for durability and versatility, this 3 pack of crisp white socks delivers a perfect balance of softness, breathability, and support.</p>
<p>Featuring Trailberg's signature Jacquard-knitted logo, these socks bring subtle style and brand pride to your everyday essentials. Perfectly understated, endlessly reliable. </p>",Trailberg,Apparel & Accessories > Clothing > Socks > Athletic Socks,SOCKS,"2026Q1, Accessories, All, Black, NEW IN, New In Test, Nosto New In Test, Socks and Slides",true,Size,Size 5-8,,,,,,,,TBACC086-001-5-8,0.0,shopify,deny,manual,15.00,,true,true,,,,,,https://cdn.shopify.com/s/files/1/0578/9217/5895/files/Untitleddesign_20.png?v=1772625575,1,"",false,,,,,,,SIZE 5,,,,,https://cdn.shopify.com/s/files/1/0578/9217/5895/files/Black.png?v=1751894382,underpin-3-pack-sock-black; underpin-3-pack-sock-white,,,,,,,,,black,,,,,,,,,,,g,,,true,,,true,,,true,,,true,,,true,,,true,,,true,,,active
edgebound-3-pack-sock-white,,,,,,,,,Size 8-11,,,,,,,,TBACC086-001-8-11,0.0,shopify,deny,manual,15.00,,true,true,,,,,,https://cdn.shopify.com/s/files/1/0578/9217/5895/files/trailberg_004_31496c5a-d250-487c-9a16-7e55762da075.jpg?v=1772625596,2,"",,,,,,,,,,,,,,,,,,,,,,,,,,,,,,,,,,g,,,,,,,,,,,,,,,,,,,,,,,,
edgebound-3-pack-sock-black,Edgebound 3 Pack Sock - Black,"<p>Essential Comfort, Everyday Performance</p>
<p>Step into all-day comfort with the Underpin Socks by Trailberg. Designed for durability and versatility, this 3 pack of socks delivers a perfect balance of softness, breathability, and support.</p>
<p>Featuring Trailberg's signature Jacquard-knitted logo, these socks bring subtle style and brand pride to your everyday essentials. Perfectly understated, endlessly reliable. </p>",Trailberg,Apparel & Accessories > Clothing > Socks > Athletic Socks,SOCKS,"2026Q1, Accessories, All, Black, NEW IN, New In Test, Nosto New In Test, Socks and Slides",true,Size,Size 5-8,,,,,,,,TBACC086-002-5-8,0.0,shopify,deny,manual,15.00,,true,true,,,,,,https://cdn.shopify.com/s/files/1/0578/9217/5895/files/Untitleddesign_21.png?v=1772625573,1,"",false,,,,,,,SIZE 5,,,,,https://cdn.shopify.com/s/files/1/0578/9217/5895/files/Black.png?v=1751894382,underpin-3-pack-sock-black; underpin-3-pack-sock-white,,,,,,,,,black,,,,,,,,,,,g,,,true,,,true,,,true,,,true,,,true,,,true,,,true,,,active
edgebound-3-pack-sock-black,,,,,,,,,Size 8-11,,,,,,,,TBACC086-002-8-11,0.0,shopify,deny,manual,15.00,,true,true,,,,,,https://cdn.shopify.com/s/files/1/0578/9217/5895/files/trailberg_012_1d98a619-d727-4e2b-862f-dd1a043a58cb.jpg?v=1772625647,2,"",,,,,,,,,,,,,,,,,,,,,,,,,,,,,,,,,,g,,,,,,,,,,,,,,,,,,,,,,,,
edgebound-3-pack-sock-black-white-grey,Edgebound 3 Pack Sock - Black/White/Grey,"<p>Essential Comfort, Everyday Performance</p>
<p>Step into all-day comfort with the Underpin Socks by Trailberg. Designed for durability and versatility, this 3 pack of  socks delivers a perfect balance of softness, breathability, and support.</p>
<p>Featuring Trailberg's signature Jacquard-knitted logo, these socks bring subtle style and brand pride to your everyday essentials. Perfectly understated, endlessly reliable. </p>",Trailberg,Apparel & Accessories > Clothing > Socks > Athletic Socks,SOCKS,"2026Q1, Accessories, All, Black, NEW IN, New In Test, Nosto New In Test, Socks and Slides",true,Size,Size 5-8,,,,,,,,TBACC086-318-5-8,0.0,shopify,deny,manual,15.00,,true,true,,,,,,https://cdn.shopify.com/s/files/1/0578/9217/5895/files/Untitleddesign_22_6291942b-5d16-4d8c-b33d-a54ee09947db.png?v=1772631935,1,"",false,,,,,,,SIZE 5,,,,,https://cdn.shopify.com/s/files/1/0578/9217/5895/files/Black.png?v=1751894382,underpin-3-pack-sock-black; underpin-3-pack-sock-white,,,,,,,,,black,,,,,,,,,,,g,,,true,,,true,,,true,,,true,,,true,,,true,,,true,,,active
edgebound-3-pack-sock-black-white-grey,,,,,,,,,Size 8-11,,,,,,,,TBACC086-318-8-11,0.0,shopify,deny,manual,15.00,,true,true,,,,,,https://cdn.shopify.com/s/files/1/0578/9217/5895/files/trailberg_004_9447e0a9-0ff9-49ab-b7d6-32599b4e7ecd.jpg?v=1772631935,2,"",,,,,,,,,,,,,,,,,,,,,,,,,,,,,,,,,,g,,,,,,,,,,,,,,,,,,,,,,,,
edgebound-3-pack-sock-black-white-grey,,,,,,,,,,,,,,,,,,,,,,,,,,,,,,,https://cdn.shopify.com/s/files/1/0578/9217/5895/files/trailberg_007_ec23ceb4-3063-4613-b48d-311536c52ca4.jpg?v=1772631935,3,"",,,,,,,,,,,,,,,,,,,,,,,,,,,,,,,,,,,,,,,,,,,,,,,,,,,,,,,,,,
edgebound-3-pack-sock-black-white-grey,,,,,,,,,,,,,,,,,,,,,,,,,,,,,,,https://cdn.shopify.com/s/files/1/0578/9217/5895/files/trailberg_011_cda4e5ab-6563-46c5-9280-c5ba12b3c21c.jpg?v=1772631935,4,"",,,,,,,,,,,,,,,,,,,,,,,,,,,,,,,,,,,,,,,,,,,,,,,,,,,,,,,,,,
mount-no-show-3-pack-sock-white,Mount No Show 3 Pack Sock - White,"<p><strong>Essential Comfort, Everyday Performance</strong></p>
<p>Step into all-day comfort with the <b>Mount Socks </b>by Trailberg. Designed for durability and versatility, this 3- pack of socks delivers a perfect balance of softness, breathability, and support.</p>
<p><br></p>",Trailberg,Apparel & Accessories > Clothing > Socks > Athletic Socks,SOCKS,"2026Q1, Accessories, All, Black, NEW IN, New In Test, Nosto New In Test, Socks and Slides",true,Size,Size 5-8,,,,,,,,TBACC095-001-5-8,0.0,shopify,deny,manual,12.00,,true,true,,,,,,https://cdn.shopify.com/s/files/1/0578/9217/5895/files/Untitled_design_29_52b8e1db-d67e-4473-964a-13dbda867e8c.png?v=1772631668,1,"",false,Mount No Show 3 Pack Sock - White ,,,,,,SIZE 5,,,,,https://cdn.shopify.com/s/files/1/0578/9217/5895/files/Black.png?v=1751894382,underpin-3-pack-sock-black; underpin-3-pack-sock-white,,,,,,,,,black,,,,,,,,,,,g,,,true,,,true,,,true,,,true,,,true,,,true,,,true,,,active
mount-no-show-3-pack-sock-white,,,,,,,,,Size 8-11,,,,,,,,TBACC095-001-8-11,0.0,shopify,deny,manual,12.00,,true,true,,,,,,https://cdn.shopify.com/s/files/1/0578/9217/5895/files/Untitled_design_30.png?v=1772631668,2,"",,,,,,,,,,,,,,,,,,,,,,,,,,,,,,,,,,g,,,,,,,,,,,,,,,,,,,,,,,,
mount-no-show-3-pack-sock-black,Mount No Show 3 Pack Sock - Black,"<p><strong>Essential Comfort, Everyday Performance</strong></p>
<p>Step into all-day comfort with the Mount Socks<b> </b>by Trailberg. Designed for durability and versatility, this 3- pack of socks delivers a perfect balance of softness, breathability, and support.</p>
<p><br></p>",Trailberg,Apparel & Accessories > Clothing > Socks > Athletic Socks,SOCKS,"2026Q1, Accessories, All, Black, NEW IN, New In Test, Nosto New In Test, Socks and Slides",true,Size,Size 5-8,,,,,,,,TBACC095-002-5-8,0.0,shopify,deny,manual,12.00,,true,true,,,,,,https://cdn.shopify.com/s/files/1/0578/9217/5895/files/Untitled_design_28.png?v=1772631669,1,"",false,Mount No Show 3 Pack Sock - White ,,,,,,SIZE 5,,,,,https://cdn.shopify.com/s/files/1/0578/9217/5895/files/Black.png?v=1751894382,underpin-3-pack-sock-black; underpin-3-pack-sock-white,,,,,,,,,black,,,,,,,,,,,g,,,true,,,true,,,true,,,true,,,true,,,true,,,true,,,active
mount-no-show-3-pack-sock-black,,,,,,,,,Size 8-11,,,,,,,,TBACC095-002-8-11,0.0,shopify,deny,manual,12.00,,true,true,,,,,,https://cdn.shopify.com/s/files/1/0578/9217/5895/files/Untitled_design_31.png?v=1772631708,2,"",,,,,,,,,,,,,,,,,,,,,,,,,,,,,,,,,,g,,,,,,,,,,,,,,,,,,,,,,,,
trailberg-nalgene®-water-bottle,Trailberg Nalgene® 1L Water Bottle,"<p data-end=""1022"" data-start=""751"">Featuring exclusive Trailberg branding and a clean, minimalist aesthetic, the Trailberg Nalgene® water bottle is your new hydration essential. Clear measurement markings make it easy to track hydration, while the wide-mouth opening allows for quick fills, ice cubes, and effortless cleaning. </p>
<p data-end=""1042"" data-start=""1024"">Key Features</p>
<ul>
<li data-end=""1095"" data-start=""1045"">Durable, BPA/BPS-free Tritan™ Renew construction</li>
<li data-end=""1131"" data-start=""1098"">Leakproof, secure screw-top lid</li>
<li data-end=""1183"" data-start=""1134"">Wide-mouth design for easy filling and cleaning</li>
<li data-end=""1219"" data-start=""1186"">Lightweight and adventure-ready</li>
<li data-end=""1271"" data-start=""1222"">Exclusive Trailberg x Nalgene co-branded design</li>
</ul>
<p data-is-only-node="""" data-is-last-node="""" data-end=""1408"" data-start=""1273"">From mountain trails to daily commutes, the Trailberg x Nalgene Water Bottle keeps you fueled and focused — wherever the journey leads.</p>",Trailberg,Home & Garden > Kitchen & Dining > Food & Beverage Carriers > Water Bottles,WATER BOTTLE,"2026Q1, Accessories, NEW IN, New In Test",true,Title,Default Title,,,,,,,,TBACC112-002-OS,0.0,shopify,deny,manual,30.00,,true,true,,,,,'5056859148030,https://cdn.shopify.com/s/files/1/0578/9217/5895/files/TRAILBERG__27022612139.jpg?v=1772443813,1,"",false,,,,,,,,,,,,,,,,,,,,adults; universal,,blue; clear; geometric; gray,,plastic,,,,,,,,,g,,,true,,,true,,,true,,,true,,,true,,,true,,,true,,,active
trailberg-nalgene®-water-bottle,,,,,,,,,,,,,,,,,,,,,,,,,,,,,,,https://cdn.shopify.com/s/files/1/0578/9217/5895/files/TRAILBERG__27022612147.jpg?v=1772443812,2,"",,,,,,,,,,,,,,,,,,,,,,,,,,,,,,,,,,,,,,,,,,,,,,,,,,,,,,,,,,
trailberg-nalgene®-water-bottle,,,,,,,,,,,,,,,,,,,,,,,,,,,,,,,https://cdn.shopify.com/s/files/1/0578/9217/5895/files/TRAILBERG__27022612140.jpg?v=1772443813,3,"",,,,,,,,,,,,,,,,,,,,,,,,,,,,,,,,,,,,,,,,,,,,,,,,,,,,,,,,,,
trailberg-nalgene®-water-bottle,,,,,,,,,,,,,,,,,,,,,,,,,,,,,,,https://cdn.shopify.com/s/files/1/0578/9217/5895/files/TRAILBERG__27022612141.jpg?v=1772443813,4,"",,,,,,,,,,,,,,,,,,,,,,,,,,,,,,,,,,,,,,,,,,,,,,,,,,,,,,,,,,
trailberg-nalgene®-water-bottle,,,,,,,,,,,,,,,,,,,,,,,,,,,,,,,https://cdn.shopify.com/s/files/1/0578/9217/5895/files/TRAILBERG__27022612142.jpg?v=1772443814,5,"",,,,,,,,,,,,,,,,,,,,,,,,,,,,,,,,,,,,,,,,,,,,,,,,,,,,,,,,,,
trailberg-nalgene®-water-bottle,,,,,,,,,,,,,,,,,,,,,,,,,,,,,,,https://cdn.shopify.com/s/files/1/0578/9217/5895/files/TRAILBERG__27022612143.jpg?v=1772443814,6,"",,,,,,,,,,,,,,,,,,,,,,,,,,,,,,,,,,,,,,,,,,,,,,,,,,,,,,,,,,
apex-seamless-essentials-2-0-twinset-mocha-pebblestone,Apex Seamless Essentials 2.0 Twinset - Mocha/Pebblestone,"<p>For peak performance, the Apex Essentials Seamless Tee Twinset keeps you cool and dry on the trails. Minimises chafing and promotes airflow, allowing you to focus on your goals without distraction. <strong></strong></p>
<p><strong>Tee Key Features: </strong></p>
<ul>
<li>Jacquard knit seamless fabric </li>
<li>Reflective branding for increased visibility</li>
<li>Trailberg branding on the reverse.</li>
</ul>
<p><strong>Shorts Key Features:</strong><br></p>
<ul>
<li aria-level=""1""><span>Flat elasticated waistband with drawcord</span></li>
<li aria-level=""1""><span>Reflective logo </span></li>
<li aria-level=""1""><span>Functional side pockets</span></li>
<li aria-level=""1""><span>Inner mesh knicker</span></li>
<li aria-level=""1""><span>Trailberg branded drawcord</span></li>
</ul>",Trailberg,Apparel & Accessories > Clothing > Outfit Sets,TWINSETS,"2026Q1, badge_EXCLUSIVE, BUNDLE, Connell, exclude from Shoptimise feed, NEW IN, New In Test, Nosto New In Test, RUNNING AND TRAINING, SET, SETS",true,Size,XS,,,,,,,,APEX-ESS-TWIN-MOCHA-XS,400.0,shopify,deny,manual,72.00,,true,true,,,,,,https://cdn.shopify.com/s/files/1/0578/9217/5895/files/TRAILBERG_2701269400_7c45f06a-6f23-4fe4-8602-1c5b0464810f.jpg?v=1772732410,1,"",false,,,,,,apex-ts-mocha; essentials-2-short-mocha,,,,,,,apex-essentials-khaki; apex-seamless-essentials-2-0-twinset-washed-indigo-eclipse-blue; apex-seamless-essentials-2-0-twinset-frosted-denim; apex-seamless-essentials-2-0-twinset-lunar-grey; apex-seamless-essentials-2-0-twinset-storm-blue-iceberg-blue; apex-ess-tw-tau; apex-seamless-essentials-2-0-twinset-mocha-pebblestone,,,,,,,,,beige,,,,,,,,,,,g,,,true,,,true,,,true,,,true,,,true,,,true,,,true,,,active
apex-seamless-essentials-2-0-twinset-mocha-pebblestone,,,,,,,,,S,,,,,,,,APEX-ESS-TWIN-MOCHA-S,400.0,shopify,deny,manual,72.00,,true,true,,,,,,https://cdn.shopify.com/s/files/1/0578/9217/5895/files/TRAILBERG_2701269398_512c4f6d-d870-4401-8da7-1069a1d70373.jpg?v=1772732410,2,"",,,,,,,,,,,,,,,,,,,,,,,,,,,,,,,,,,g,,,,,,,,,,,,,,,,,,,,,,,,
apex-seamless-essentials-2-0-twinset-mocha-pebblestone,,,,,,,,,M,,,,,,,,APEX-ESS-TWIN-MOCHA-M,400.0,shopify,deny,manual,72.00,,true,true,,,,,,https://cdn.shopify.com/s/files/1/0578/9217/5895/files/TRAILBERG_2701269401_a93d8be5-733b-4ec8-80aa-ef7510da0aa2.jpg?v=1772732410,3,"",,,,,,,,,,,,,,,,,,,,,,,,,,,,,,,,,,g,,,,,,,,,,,,,,,,,,,,,,,,
apex-seamless-essentials-2-0-twinset-mocha-pebblestone,,,,,,,,,L,,,,,,,,APEX-ESS-TWIN-MOCHA-L,400.0,shopify,deny,manual,72.00,,true,true,,,,,,https://cdn.shopify.com/s/files/1/0578/9217/5895/files/TRAILBERG_2701269394_2b57c4c5-a5bc-43a8-9a35-475efe3f01fa.jpg?v=1772732410,4,"",,,,,,,,,,,,,,,,,,,,,,,,,,,,,,,,,,g,,,,,,,,,,,,,,,,,,,,,,,,
apex-seamless-essentials-2-0-twinset-mocha-pebblestone,,,,,,,,,XL,,,,,,,,APEX-ESS-TWIN-MOCHA-XL,400.0,shopify,deny,manual,72.00,,true,true,,,,,,https://cdn.shopify.com/s/files/1/0578/9217/5895/files/TRAILBERG_2701269395.jpg?v=1772732410,5,"",,,,,,,,,,,,,,,,,,,,,,,,,,,,,,,,,,g,,,,,,,,,,,,,,,,,,,,,,,,
apex-seamless-essentials-2-0-twinset-mocha-pebblestone,,,,,,,,,XXL,,,,,,,,APEX-ESS-TWIN-MOCHA-XXL,400.0,shopify,deny,manual,72.00,,true,true,,,,,,https://cdn.shopify.com/s/files/1/0578/9217/5895/files/TRAILBERG_2701269399_fcb829d6-510f-40e7-8273-323d149c537f.jpg?v=1772732410,6,"",,,,,,,,,,,,,,,,,,,,,,,,,,,,,,,,,,g,,,,,,,,,,,,,,,,,,,,,,,,
ferox-waist-bag-black,Ferox Waist Bag - Black,"<p>Built for movement, the Ferox Waist Bag from Trailberg delivers lightweight storage without slowing you down. Designed for life on the go, it keeps your everyday essentials secure and close whether you’re on the trail, commuting through the city, or heading out for the day.</p>",Trailberg,Apparel & Accessories > Clothing Accessories,MINI BAGS,"2025Q3, 2026Q1, ACCESSORIES, ALL, BACKPACKS, bags, bikers, CONNELL, Hikers, Runners, warehouse-out-of-stock",true,Size,ONE SIZE,,,,,,,,TBACC071-002-ONE SIZE,500.0,shopify,deny,manual,30.00,,true,true,,,,,'5056859114479,https://cdn.shopify.com/s/files/1/0578/9217/5895/files/Untitled_design_32.png?v=1773136540,1,"",false,,,,,,,BLA,,,,,https://cdn.shopify.com/s/files/1/0578/9217/5895/files/Black.png?v=1751894382,,,,,,,,,,black,,,,,,,,,,,g,,,true,,,true,,,true,,,true,,,true,,,true,,,true,,,active
ferox-waist-bag-black,,,,,,,,,,,,,,,,,,,,,,,,,,,,,,,https://cdn.shopify.com/s/files/1/0578/9217/5895/files/Untitled_design_33.png?v=1773136540,2,"",,,,,,,,,,,,,,,,,,,,,,,,,,,,,,,,,,,,,,,,,,,,,,,,,,,,,,,,,,
ferox-waist-bag-black,,,,,,,,,,,,,,,,,,,,,,,,,,,,,,,https://cdn.shopify.com/s/files/1/0578/9217/5895/files/Untitled_design_34.png?v=1773136540,3,"",,,,,,,,,,,,,,,,,,,,,,,,,,,,,,,,,,,,,,,,,,,,,,,,,,,,,,,,,,
ferox-waist-bag-black,,,,,,,,,,,,,,,,,,,,,,,,,,,,,,,https://cdn.shopify.com/s/files/1/0578/9217/5895/files/Untitled_design_35_c73a3ce2-8129-4aeb-bbeb-9b7d0ed19dac.png?v=1773136542,4,"",,,,,,,,,,,,,,,,,,,,,,,,,,,,,,,,,,,,,,,,,,,,,,,,,,,,,,,,,,
ferox-waist-bag-black,,,,,,,,,,,,,,,,,,,,,,,,,,,,,,,https://cdn.shopify.com/s/files/1/0578/9217/5895/files/Untitled_design_36_644eabf0-6252-4f9a-b69e-e1da48466f3f.png?v=1773136542,5,"",,,,,,,,,,,,,,,,,,,,,,,,,,,,,,,,,,,,,,,,,,,,,,,,,,,,,,,,,,
mavot-backpack-black,Mavot Backpack - Black,"<p data-start=""65"" data-end=""343"">The Trailberg Mavot Backpack is built for versatility, durability and all-day comfort on the move. With a generous 28L capacity, it provides ample space for everyday essentials, outdoor gear and travel must-haves, making it ideal for hiking, commuting and active lifestyles.</p>
<p data-start=""345"" data-end=""775"">Designed with practicality in mind, the Mavot features multiple zip compartments for organised storage and quick access to your gear. An external bungee cord system allows you to secure additional items on the front of the pack, while mesh side pockets offer convenient space for water bottles or smaller essentials. Durable construction and ergonomic design ensure it remains comfortable and reliable wherever your day takes you.</p>
<p>Key Features</p>
<ul>
<li data-start=""797"" data-end=""865"">28L capacity for everyday carry, travel and outdoor adventures</li>
<li data-start=""868"" data-end=""927"">External bungee cord system for flexible gear storage</li>
<li data-start=""930"" data-end=""983"">Multiple zip compartments for organised packing</li>
<li data-start=""986"" data-end=""1049"">Mesh side pockets for water bottles or quick-access items</li>
<li data-start=""1052"" data-end=""1112"">Durable construction designed for everyday performance</li>
<li data-start=""1115"" data-end=""1179"">Signature Trailberg branding for a clean outdoor aestheti</li>
<li data-start=""1115"" data-end=""1179"">Ideal for: hiking, travel, commuting, gym sessions and everyday use.</li>
</ul>",Trailberg,Apparel & Accessories > Clothing Accessories,BACKPACKS,"2026Q1, Accessories, ALL, BACKPACKS, bags, Peak, Runners",true,Size,ONE SIZE,,,,,,,,TBACC066-142-ONE SIZE,500.0,shopify,deny,manual,60.00,,true,true,,,,,,https://cdn.shopify.com/s/files/1/0578/9217/5895/files/trailberg_024_1.jpg?v=1773243315,1,"",false,,,,,,,96,,,,,https://cdn.shopify.com/s/files/1/0578/9217/5895/files/iron_grey.png?v=1752156122,ventum-22l-backpack-black-iron-grey,,,,,,,,,black; grey-1,,,,,,,,,,,g,,,true,,,true,,,true,,,true,,,true,,,true,,,true,,,active
mavot-backpack-black,,,,,,,,,,,,,,,,,,,,,,,,,,,,,,,https://cdn.shopify.com/s/files/1/0578/9217/5895/files/trailberg_027.jpg?v=1773243314,2,"",,,,,,,,,,,,,,,,,,,,,,,,,,,,,,,,,,,,,,,,,,,,,,,,,,,,,,,,,,
mavot-backpack-black,,,,,,,,,,,,,,,,,,,,,,,,,,,,,,,https://cdn.shopify.com/s/files/1/0578/9217/5895/files/trailberg_030.jpg?v=1773243469,3,"",,,,,,,,,,,,,,,,,,,,,,,,,,,,,,,,,,,,,,,,,,,,,,,,,,,,,,,,,,
mavot-backpack-black,,,,,,,,,,,,,,,,,,,,,,,,,,,,,,,https://cdn.shopify.com/s/files/1/0578/9217/5895/files/trailberg_031.jpg?v=1773243469,4,"",,,,,,,,,,,,,,,,,,,,,,,,,,,,,,,,,,,,,,,,,,,,,,,,,,,,,,,,,,
mavot-backpack-black,,,,,,,,,,,,,,,,,,,,,,,,,,,,,,,https://cdn.shopify.com/s/files/1/0578/9217/5895/files/trailberg_028_c78c7249-79f6-4c2a-808d-35baf5e836ea.jpg?v=1773243469,5,"",,,,,,,,,,,,,,,,,,,,,,,,,,,,,,,,,,,,,,,,,,,,,,,,,,,,,,,,,,
mavot-backpack-black,,,,,,,,,,,,,,,,,,,,,,,,,,,,,,,https://cdn.shopify.com/s/files/1/0578/9217/5895/files/trailberg_028_89c48642-1481-428e-9eed-7c4bb5fb2177.jpg?v=1773243469,6,"",,,,,,,,,,,,,,,,,,,,,,,,,,,,,,,,,,,,,,,,,,,,,,,,,,,,,,,,,,
